run_id,timestamp_s,mode,uav_id,frame_num,size_bytes,detection_count,latency_ms,inference_ms,overhead_ms,navsat_age_ms
a3_loopback,1785850601.722966,edge,1,1,74,0,53.26,49.4,3.86,-1.0
a3_loopback,1785850601.912789,edge,1,2,74,0,43.37,39.8,3.57,-1.0
a3_loopback,1785850602.100285,edge,1,3,74,0,41.05,37.5,3.55,-1.0
a3_loopback,1785850602.291320,edge,1,4,73,0,44.20,40.0,4.20,-1.0
a3_loopback,1785850602.476652,edge,1,5,74,0,38.66,35.2,3.46,-1.0
a3_loopback,1785850602.661401,edge,1,6,74,0,37.49,34.1,3.39,-1.0
a3_loopback,1785850602.845973,edge,1,7,74,0,36.93,33.4,3.53,-1.0
a3_loopback,1785850603.065704,edge,1,8,74,0,44.97,40.1,4.87,-1.0
a3_loopback,1785850603.253754,edge,1,9,74,0,40.61,36.7,3.91,-1.0
a3_loopback,1785850603.440163,edge,1,10,74,0,37.52,33.9,3.62,-1.0
a3_loopback,1785850603.628870,edge,1,11,74,0,42.49,39.0,3.49,-1.0
a3_loopback,1785850603.813390,edge,1,12,73,0,37.79,34.3,3.49,-1.0
a3_loopback,1785850604.053459,edge,1,13,74,0,43.28,38.1,5.18,-1.0
a3_loopback,1785850604.329869,edge,1,14,73,0,60.02,56.3,3.72,-1.0
a3_loopback,1785850604.622683,edge,1,15,73,0,54.33,48.5,5.83,-1.0
a3_loopback,1785850604.818585,edge,1,16,74,0,49.42,45.9,3.52,-1.0
a3_loopback,1785850605.012323,edge,1,17,74,0,46.67,43.1,3.57,-1.0
a3_loopback,1785850605.199963,edge,1,18,74,0,40.99,37.4,3.59,-1.0
a3_loopback,1785850605.386344,edge,1,19,74,0,40.03,36.5,3.53,-1.0
a3_loopback,1785850605.572699,edge,1,20,74,0,39.65,36.2,3.45,-1.0
a3_loopback,1785850605.770474,edge,1,21,74,0,50.98,47.5,3.48,-1.0
a3_loopback,1785850606.005881,edge,1,22,74,0,52.96,49.1,3.86,-1.0
a3_loopback,1785850606.193300,edge,1,23,73,0,40.30,36.6,3.70,-1.0
a3_loopback,1785850606.386346,edge,1,24,74,0,44.56,41.1,3.46,-1.0
a3_loopback,1785850606.579606,edge,1,25,73,0,45.66,42.2,3.46,-1.0
a3_loopback,1785850606.767968,edge,1,26,73,0,41.61,38.1,3.51,-1.0
a3_loopback,1785850606.973528,edge,1,27,74,0,47.07,43.3,3.77,-1.0
a3_loopback,1785850607.158965,edge,1,28,74,0,39.15,35.5,3.65,-1.0
a3_loopback,1785850607.342648,edge,1,29,72,0,36.77,33.3,3.47,-1.0
a3_loopback,1785850607.526368,edge,1,30,74,0,37.35,33.9,3.45,-1.0
a3_loopback,1785850607.711172,edge,1,31,73,0,38.05,34.5,3.55,-1.0
a3_loopback,1785850607.914787,edge,1,32,74,0,55.53,52.1,3.43,-1.0
a3_loopback,1785850608.100824,edge,1,33,74,0,38.98,35.4,3.58,-1.0
a3_loopback,1785850608.292896,edge,1,34,74,0,38.43,35.0,3.43,-1.0
a3_loopback,1785850608.476297,edge,1,35,73,0,37.16,33.7,3.46,-1.0
a3_loopback,1785850608.708309,edge,1,36,73,0,48.10,41.1,7.00,-1.0
a3_loopback,1785850608.892033,edge,1,37,74,0,37.21,33.6,3.61,-1.0
a3_loopback,1785850609.077459,edge,1,38,74,0,38.17,34.5,3.67,-1.0
a3_loopback,1785850609.263663,edge,1,39,74,0,38.30,34.8,3.50,-1.0
a3_loopback,1785850609.457039,edge,1,40,74,0,42.83,39.4,3.43,-1.0
a3_loopback,1785850609.658282,edge,1,41,74,0,55.01,51.0,4.01,-1.0
a3_loopback,1785850609.844094,edge,1,42,73,0,39.01,35.6,3.41,-1.0
a3_loopback,1785850610.028880,edge,1,43,74,0,38.37,34.9,3.47,-1.0
a3_loopback,1785850610.214395,edge,1,44,74,0,37.40,33.9,3.50,-1.0
a3_loopback,1785850610.398280,edge,1,45,74,0,37.32,33.8,3.52,-1.0
a3_loopback,1785850610.583790,edge,1,46,74,0,39.39,35.9,3.49,-1.0
a3_loopback,1785850610.767228,edge,1,47,74,0,36.77,33.3,3.47,-1.0
a3_loopback,1785850610.950985,edge,1,48,74,0,37.37,33.9,3.47,-1.0
a3_loopback,1785850611.148401,edge,1,49,74,0,50.19,46.7,3.49,-1.0
a3_loopback,1785850611.351275,edge,1,50,73,0,55.89,52.2,3.69,-1.0
a3_loopback,1785850611.550236,edge,1,51,74,0,41.21,37.6,3.61,-1.0
a3_loopback,1785850611.738379,edge,1,52,74,0,40.65,37.1,3.55,-1.0
a3_loopback,1785850611.927522,edge,1,53,74,0,40.94,37.5,3.44,-1.0
a3_loopback,1785850612.113729,edge,1,54,73,0,37.29,33.8,3.49,-1.0
a3_loopback,1785850612.312225,edge,1,55,74,0,50.52,46.9,3.62,-1.0
a3_loopback,1785850612.497321,edge,1,56,73,0,37.10,33.6,3.50,-1.0
a3_loopback,1785850612.691698,edge,1,57,74,0,46.42,42.8,3.62,-1.0
a3_loopback,1785850612.877260,edge,1,58,74,0,38.86,35.4,3.46,-1.0
a3_loopback,1785850613.062593,edge,1,59,74,0,37.02,33.5,3.52,-1.0
a3_loopback,1785850613.246305,edge,1,60,74,0,36.73,33.2,3.53,-1.0
a3_loopback,1785850613.440880,edge,1,61,74,0,48.26,44.8,3.46,-1.0
a3_loopback,1785850613.634133,edge,1,62,73,0,46.05,42.6,3.45,-1.0
a3_loopback,1785850613.822675,edge,1,63,73,0,41.36,37.8,3.56,-1.0
a3_loopback,1785850614.007256,edge,1,64,74,0,37.98,34.4,3.58,-1.0
a3_loopback,1785850614.191689,edge,1,65,74,0,37.56,34.1,3.46,-1.0
a3_loopback,1785850614.379040,edge,1,66,74,0,41.10,37.6,3.50,-1.0
a3_loopback,1785850614.573357,edge,1,67,74,0,47.74,44.3,3.44,-1.0
a3_loopback,1785850614.767129,edge,1,68,74,0,47.06,43.6,3.46,-1.0
a3_loopback,1785850614.955594,edge,1,69,74,0,41.02,37.6,3.42,-1.0
a3_loopback,1785850615.140684,edge,1,70,73,0,37.42,33.9,3.52,-1.0
a3_loopback,1785850615.338763,edge,1,71,73,0,51.59,48.2,3.39,-1.0
a3_loopback,1785850615.529987,edge,1,72,74,0,44.09,40.6,3.49,-1.0
a3_loopback,1785850615.715266,edge,1,73,74,0,38.68,35.1,3.58,-1.0
a3_loopback,1785850615.900747,edge,1,74,74,0,38.82,35.4,3.42,-1.0
a3_loopback,1785850616.084284,edge,1,75,73,0,37.58,34.1,3.48,-1.0
a3_loopback,1785850616.269462,edge,1,76,72,0,38.23,34.4,3.83,-1.0
a3_loopback,1785850616.466175,edge,1,77,74,0,50.40,46.9,3.50,-1.0
a3_loopback,1785850616.653836,edge,1,78,74,0,39.41,35.6,3.81,-1.0
a3_loopback,1785850616.837521,edge,1,79,74,0,37.32,33.9,3.42,-1.0
a3_loopback,1785850617.020789,edge,1,80,73,0,36.85,33.4,3.45,-1.0
a3_loopback,1785850617.213317,edge,1,81,74,0,43.22,39.6,3.62,-1.0
a3_loopback,1785850617.397286,edge,1,82,74,0,37.02,33.3,3.72,-1.0
a3_loopback,1785850617.593940,edge,1,83,74,0,50.48,47.0,3.48,-1.0
a3_loopback,1785850617.800698,edge,1,84,74,0,54.04,50.5,3.54,-1.0
a3_loopback,1785850617.999601,edge,1,85,73,0,50.13,46.5,3.63,-1.0
a3_loopback,1785850618.195756,edge,1,86,74,0,47.53,44.0,3.53,-1.0
