label,arrival_time_s,gap_from_prev_ms
c0_mission_baseline,1785873136.908655,
c0_mission_baseline,1785873137.927158,1018.50
c0_mission_baseline,1785873138.297479,370.32
c0_mission_baseline,1785873139.115235,817.76
c0_mission_baseline,1785873139.308864,193.63
c0_mission_baseline,1785873140.381170,1072.31
c0_mission_baseline,1785873140.627145,245.98
c0_mission_baseline,1785873141.132536,505.39
c0_mission_baseline,1785873141.299374,166.84
c0_mission_baseline,1785873141.721753,422.38
c0_mission_baseline,1785873142.558509,836.76
c0_mission_baseline,1785873143.423369,864.86
c0_mission_baseline,1785873143.636149,212.78
c0_mission_baseline,1785873144.012775,376.63
c0_mission_baseline,1785873144.799499,786.72
c0_mission_baseline,1785873145.427900,628.40
c0_mission_baseline,1785873146.242400,814.50
c0_mission_baseline,1785873146.988682,746.28
c0_mission_baseline,1785873147.221539,232.86
c0_mission_baseline,1785873147.760110,538.57
c0_mission_baseline,1785873148.983065,1222.96
c0_mission_baseline,1785873149.260342,277.28
c0_mission_baseline,1785873149.407954,147.61
c0_mission_baseline,1785873149.623678,215.72
c0_mission_baseline,1785873149.845272,221.59
c0_mission_baseline,1785873150.024540,179.27
c0_mission_baseline,1785873151.025518,1000.98
c0_mission_baseline,1785873151.218850,193.33
c0_mission_baseline,1785873151.798590,579.74
c0_mission_baseline,1785873152.027992,229.40
c0_mission_baseline,1785873152.229885,201.89
c0_mission_baseline,1785873152.422366,192.48
c0_mission_baseline,1785873152.798891,376.52
c0_mission_baseline,1785873152.969204,170.31
c0_mission_baseline,1785873153.397072,427.87
c0_mission_baseline,1785873153.623573,226.50
c0_mission_baseline,1785873153.993385,369.81
c0_mission_baseline,1785873154.244833,251.45
c0_mission_baseline,1785873154.608881,364.05
c0_mission_baseline,1785873154.942519,333.64
c0_mission_baseline,1785873155.384855,442.34
c0_mission_baseline,1785873155.612826,227.97
c0_mission_baseline,1785873156.598157,985.33
c0_mission_baseline,1785873156.983075,384.92
c0_mission_baseline,1785873157.197994,214.92
c0_mission_baseline,1785873157.561753,363.76
c0_mission_baseline,1785873158.096694,534.94
c0_mission_baseline,1785873158.313748,217.05
c0_mission_baseline,1785873158.895838,582.09
c0_mission_baseline,1785873159.556743,660.91
c0_mission_baseline,1785873160.947573,1390.83
c0_mission_baseline,1785873161.393316,445.74
c0_mission_baseline,1785873161.597182,203.87
c0_mission_baseline,1785873161.766565,169.38
c0_mission_baseline,1785873161.950097,183.53
c0_mission_baseline,1785873162.193326,243.23
c0_mission_baseline,1785873162.406522,213.20
c0_mission_baseline,1785873163.394415,987.89
c0_mission_baseline,1785873163.814166,419.75
c0_mission_baseline,1785873164.011970,197.80
c0_mission_baseline,1785873164.402846,390.88
c0_mission_baseline,1785873164.937148,534.30
c0_mission_baseline,1785873165.133764,196.62
c0_mission_baseline,1785873165.532312,398.55
c0_mission_baseline,1785873165.728487,196.18
c0_mission_baseline,1785873165.925043,196.56
c0_mission_baseline,1785873166.131988,206.94
c0_mission_baseline,1785873166.303603,171.62
c0_mission_baseline,1785873166.895409,591.81
c0_mission_baseline,1785873167.710043,814.63
c0_mission_baseline,1785873168.354611,644.57
c0_mission_baseline,1785873168.560178,205.57
c0_mission_baseline,1785873168.777268,217.09
c0_mission_baseline,1785873169.178445,401.18
c0_mission_baseline,1785873169.381440,202.99
c0_mission_baseline,1785873169.931810,550.37
c0_mission_baseline,1785873170.524367,592.56
c0_mission_baseline,1785873170.715794,191.43
c0_mission_baseline,1785873170.912562,196.77
c0_mission_baseline,1785873171.358167,445.60
c0_mission_baseline,1785873171.586520,228.35
c0_mission_baseline,1785873172.196898,610.38
c0_mission_baseline,1785873172.799229,602.33
c0_mission_baseline,1785873173.659696,860.47
c0_mission_baseline,1785873173.802159,142.46
c0_mission_baseline,1785873174.575138,772.98
c0_mission_baseline,1785873175.349507,774.37
c0_mission_baseline,1785873175.916409,566.90
c0_mission_baseline,1785873176.315603,399.19
c0_mission_baseline,1785873176.745323,429.72
c0_mission_baseline,1785873177.193835,448.51
c0_mission_baseline,1785873177.404273,210.44
c0_mission_baseline,1785873177.622908,218.64
c0_mission_baseline,1785873178.035074,412.17
c0_mission_baseline,1785873178.429166,394.09
c0_mission_baseline,1785873179.013688,584.52
c0_mission_baseline,1785873179.796701,783.01
c0_mission_baseline,1785873180.010303,213.60
c0_mission_baseline,1785873180.222647,212.34
c0_mission_baseline,1785873180.422994,200.35
c0_mission_baseline,1785873181.033901,610.91
c0_mission_baseline,1785873181.176866,142.96
c0_mission_baseline,1785873181.351939,175.07
c0_mission_baseline,1785873181.749482,397.54
c0_mission_baseline,1785873182.006847,257.37
c0_mission_baseline,1785873182.838572,831.72
c0_mission_baseline,1785873183.222976,384.40
c0_mission_baseline,1785873183.459599,236.62
c0_mission_baseline,1785873183.654896,195.30
c0_mission_baseline,1785873184.006688,351.79
c0_mission_baseline,1785873184.199173,192.48
c0_mission_baseline,1785873184.393453,194.28
c0_mission_baseline,1785873184.633677,240.22
c0_mission_baseline,1785873185.002353,368.68
c0_mission_baseline,1785873185.157501,155.15
c0_mission_baseline,1785873185.932533,775.03
c0_mission_baseline,1785873186.106234,173.70
c0_mission_baseline,1785873186.944062,837.83
c0_mission_baseline,1785873187.313483,369.42
c0_mission_baseline,1785873187.908758,595.28
c0_mission_baseline,1785873189.683757,1775.00
c0_mission_baseline,1785873189.825030,141.27
c0_mission_baseline,1785873190.023551,198.52
c0_mission_baseline,1785873190.217299,193.75
c0_mission_baseline,1785873190.649902,432.60
c0_mission_baseline,1785873190.783291,133.39
c0_mission_baseline,1785873191.383459,600.17
c0_mission_baseline,1785873192.399798,1016.34
c0_mission_baseline,1785873192.842865,443.07
c0_mission_baseline,1785873193.026834,183.97
c0_mission_baseline,1785873193.246644,219.81
c0_mission_baseline,1785873193.443760,197.12
c0_mission_baseline,1785873194.038504,594.74
c0_mission_baseline,1785873194.428680,390.18
c0_mission_baseline,1785873194.624714,196.03
c0_mission_baseline,1785873195.014721,390.01
c0_mission_baseline,1785873195.830737,816.02
c0_mission_baseline,1785873196.031966,201.23
c0_mission_baseline,1785873196.400584,368.62
c0_mission_baseline,1785873196.632505,231.92
c0_mission_baseline,1785873196.780841,148.34
c0_mission_baseline,1785873197.831056,1050.21
c0_mission_baseline,1785873198.230185,399.13
c0_mission_baseline,1785873198.814079,583.89
c0_mission_baseline,1785873199.637193,823.11
c0_mission_baseline,1785873200.802442,1165.25
c0_mission_baseline,1785873200.996941,194.50
c0_mission_baseline,1785873201.197303,200.36
c0_mission_baseline,1785873201.358730,161.43
c0_mission_baseline,1785873201.771013,412.28
c0_mission_baseline,1785873202.243886,472.87
c0_mission_baseline,1785873202.846200,602.31
c0_mission_baseline,1785873203.041350,195.15
c0_mission_baseline,1785873203.265884,224.53
c0_mission_baseline,1785873203.463367,197.48
c0_mission_baseline,1785873203.853276,389.91
c0_mission_baseline,1785873204.364210,510.93
c0_mission_baseline,1785873204.972912,608.70
c0_mission_baseline,1785873205.180235,207.32
c0_mission_baseline,1785873207.423457,2243.22
c0_mission_baseline,1785873208.239904,816.45
c0_mission_baseline,1785873209.764242,1524.34
c0_mission_baseline,1785873210.362497,598.26
c0_mission_baseline,1785873211.155060,792.56
c0_mission_baseline,1785873211.779798,624.74
c0_mission_baseline,1785873212.162985,383.19
c0_mission_baseline,1785873212.364490,201.51
c0_mission_baseline,1785873212.766175,401.69
c0_mission_baseline,1785873213.176598,410.42
c0_mission_baseline,1785873213.351779,175.18
c0_mission_baseline,1785873213.738330,386.55
c0_mission_baseline,1785873213.937050,198.72
c0_mission_baseline,1785873214.328294,391.24
c0_mission_baseline,1785873214.750485,422.19
c0_mission_baseline,1785873215.348560,598.08
c0_mission_baseline,1785873215.604799,256.24
c0_mission_baseline,1785873216.220874,616.07
c0_mission_baseline,1785873216.393003,172.13
c0_mission_baseline,1785873216.819254,426.25
c0_mission_baseline,1785873216.991219,171.96
c0_mission_baseline,1785873217.603772,612.55
c0_mission_baseline,1785873217.776687,172.91
c0_mission_baseline,1785873218.727782,951.10
c0_mission_baseline,1785873218.927356,199.57
c0_mission_baseline,1785873219.389514,462.16
c0_mission_baseline,1785873220.048479,658.97
c0_mission_baseline,1785873221.049070,1000.59
c0_mission_baseline,1785873221.474241,425.17
c0_mission_baseline,1785873222.257680,783.44
c0_mission_baseline,1785873222.769250,511.57
c0_mission_baseline,1785873222.968933,199.68
c0_mission_baseline,1785873223.347009,378.08
c0_mission_baseline,1785873223.780916,433.91
c0_mission_baseline,1785873223.958841,177.93
c0_mission_baseline,1785873225.051149,1092.31
c0_mission_baseline,1785873225.402242,351.09
c0_mission_baseline,1785873226.632464,1230.22
c0_mission_baseline,1785873226.831446,198.98
c0_mission_baseline,1785873227.019142,187.70
c0_mission_baseline,1785873227.247222,228.08
c0_mission_baseline,1785873227.873108,625.89
c0_mission_baseline,1785873228.057831,184.72
c0_mission_baseline,1785873228.284370,226.54
c0_mission_baseline,1785873228.457101,172.73
c0_mission_baseline,1785873228.828712,371.61
c0_mission_baseline,1785873229.697357,868.65
c0_mission_baseline,1785873230.436933,739.58
c0_mission_baseline,1785873230.861718,424.78
c0_mission_baseline,1785873231.212029,350.31
c0_mission_baseline,1785873231.384761,172.73
c0_mission_baseline,1785873231.965286,580.52
c0_mission_baseline,1785873233.802010,1836.72
c0_mission_baseline,1785873234.153455,351.44
c0_mission_baseline,1785873234.352525,199.07
c0_mission_baseline,1785873234.732569,380.04
c0_mission_baseline,1785873234.941566,209.00
c0_mission_baseline,1785873235.165610,224.04
c0_mission_baseline,1785873235.363292,197.68
c0_mission_baseline,1785873235.750735,387.44
c0_mission_baseline,1785873236.375551,624.82
c0_mission_baseline,1785873236.546263,170.71
c0_mission_baseline,1785873237.207669,661.41
c0_mission_baseline,1785873237.392267,184.60
c0_mission_baseline,1785873237.814144,421.88
c0_mission_baseline,1785873238.220459,406.31
c0_mission_baseline,1785873238.417282,196.82
c0_mission_baseline,1785873239.002857,585.58
c0_mission_baseline,1785873239.274553,271.70
c0_mission_baseline,1785873239.500664,226.11
c0_mission_baseline,1785873239.679102,178.44
c0_mission_baseline,1785873240.084316,405.21
c0_mission_baseline,1785873240.281820,197.50
c0_mission_baseline,1785873240.802392,520.57
c0_mission_baseline,1785873241.008872,206.48
c0_mission_baseline,1785873241.179536,170.66
c0_mission_baseline,1785873241.882998,703.46
c0_mission_baseline,1785873242.057451,174.45
c0_mission_baseline,1785873242.248113,190.66
c0_mission_baseline,1785873242.442392,194.28
c0_mission_baseline,1785873242.863154,420.76
c0_mission_baseline,1785873243.054332,191.18
c0_mission_baseline,1785873243.436618,382.29
c0_mission_baseline,1785873243.848971,412.35
c0_mission_baseline,1785873244.070885,221.91
c0_mission_baseline,1785873244.249799,178.91
c0_mission_baseline,1785873244.431745,181.95
c0_mission_baseline,1785873244.833830,402.08
c0_mission_baseline,1785873245.063432,229.60
c0_mission_baseline,1785873245.276832,213.40
c0_mission_baseline,1785873245.483030,206.20
c0_mission_baseline,1785873246.059676,576.65
c0_mission_baseline,1785873246.482493,422.82
c0_mission_baseline,1785873246.676153,193.66
c0_mission_baseline,1785873247.265589,589.44
c0_mission_baseline,1785873247.475493,209.90
c0_mission_baseline,1785873247.677444,201.95
c0_mission_baseline,1785873248.066227,388.78
c0_mission_baseline,1785873248.430513,364.29
c0_mission_baseline,1785873248.628711,198.20
c0_mission_baseline,1785873248.783650,154.94
c0_mission_baseline,1785873249.155777,372.13
c0_mission_baseline,1785873249.802453,646.68
c0_mission_baseline,1785873250.354002,551.55
c0_mission_baseline,1785873250.590317,236.31
c0_mission_baseline,1785873251.035490,445.17
c0_mission_baseline,1785873251.648667,613.18
c0_mission_baseline,1785873251.865988,217.32
c0_mission_baseline,1785873252.018150,152.16
c0_mission_baseline,1785873254.171661,2153.51
c0_mission_baseline,1785873255.198104,1026.44
c0_mission_baseline,1785873255.667973,469.87
c0_mission_baseline,1785873256.228496,560.52
c0_mission_baseline,1785873256.623503,395.01
c0_mission_baseline,1785873256.804131,180.63
