elapsed_time_s,wall_time,wall_time_unix_s,source_timestamp_s,source_clock_s,record_reason,current_waypoint,guided_target_revision,mission_state,target_source,target_latitude_deg,target_longitude_deg,target_altitude_m,target_altitude_reference,target_x_east_m,target_y_north_m,distance_to_target_m,current_latitude_deg,current_longitude_deg,ap_goal_latitude_deg,ap_goal_longitude_deg,ap_goal_altitude_msl_m
2.738545,2026-09-01T20:52:34.402731+00:00,1788295954.402731180,1788295953.838304996,1788295953.675359964,gps_sample,,0,DISARMED,,,,,,,,,6.077372074,80.190757751,,,
4.389756,2026-09-01T20:52:36.053942+00:00,1788295956.053941727,1788295955.417773962,1788295955.405777931,gps_sample,,0,DISARMED,,,,,,,,,6.077372074,80.190757751,,,
5.007161,2026-09-01T20:52:36.671347+00:00,1788295956.671346664,1788295956.036566019,1788295956.015573025,gps_sample,,0,DISARMED,,,,,,,,,6.077372074,80.190757751,,,
5.835945,2026-09-01T20:52:37.500131+00:00,1788295957.500130892,1788295956.837296963,1788295956.813304901,gps_sample,,0,DISARMED,,,,,,,,,6.077372074,80.190757751,,,
6.856633,2026-09-01T20:52:38.520818+00:00,1788295958.520818472,1788295957.818967104,1788295957.800972939,gps_sample,,0,DISARMED,,,,,,,,,6.077372074,80.190757751,,,
7.091288,2026-09-01T20:52:38.755473+00:00,1788295958.755472898,1788295958.017899990,1788295958.002904892,gps_sample,,0,DISARMED,,,,,,,,,6.077372074,80.190757751,,,
8.112460,2026-09-01T20:52:39.776646+00:00,1788295959.776645660,1788295959.038557053,1788295958.943588972,gps_sample,,0,DISARMED,,,,,,,,,6.077372074,80.190757751,,,
8.758813,2026-09-01T20:52:40.422999+00:00,1788295960.422998667,1788295959.637356043,1788295959.389439106,gps_sample,,0,DISARMED,,,,,,,,,6.077372074,80.190757751,,,
9.590896,2026-09-01T20:52:41.255081+00:00,1788295961.255081177,1788295960.437087059,1788295960.392102003,gps_sample,,0,DISARMED,,,,,,,,,6.077372074,80.190757751,,,
9.804611,2026-09-01T20:52:41.468796+00:00,1788295961.468796253,1788295960.637020111,1788295960.610028982,gps_sample,,0,DISARMED,,,,,,,,,6.077372074,80.190757751,,,
11.639184,2026-09-01T20:52:43.303370+00:00,1788295963.303369999,1788295962.436414957,1788295962.412422895,gps_sample,,0,DISARMED,,,,,,,,,6.077372074,80.190757751,,,
12.257538,2026-09-01T20:52:43.921723+00:00,1788295963.921722889,1788295963.037213087,1788295963.001224995,gps_sample,,0,DISARMED,,,,,,,,,6.077372074,80.190757751,,,
12.673682,2026-09-01T20:52:44.337867+00:00,1788295964.337867022,1788295963.436079025,1788295963.290127993,gps_sample,,0,DISARMED,,,,,,,,,6.077372074,80.190757751,,,
16.354237,2026-09-01T20:52:48.018423+00:00,1788295968.018422604,1788295967.017874956,1788295966.833936930,gps_sample,,0,DISARMED,,,,,,,,,6.077372074,80.190757751,,,
18.246869,2026-09-01T20:52:49.911054+00:00,1788295969.911054134,1788295968.836263895,1788295968.815270901,gps_sample,,0,DISARMED,,,,,,,,,6.077372074,80.190757751,,,
20.505369,2026-09-01T20:52:52.169554+00:00,1788295972.169554472,1788295971.037523985,1788295971.004534960,gps_sample,,0,DISARMED,,,,,,,,,6.077372074,80.190757751,,,
22.989508,2026-09-01T20:52:54.653694+00:00,1788295974.653693676,1788295973.438716888,1788295973.168807983,gps_sample,,0,DISARMED,,,,,,,,,6.077372074,80.190757751,,,
23.809146,2026-09-01T20:52:55.473331+00:00,1788295975.473331451,1788295974.236449003,1788295974.221453905,gps_sample,,0,DISARMED,,,,,,,,,6.077372074,80.190757751,,,
25.660441,2026-09-01T20:52:57.324626+00:00,1788295977.324626207,1788295976.017849922,1788295975.996856928,gps_sample,,0,DISARMED,,,,,,,,,6.077372074,80.190757751,,,
27.732917,2026-09-01T20:52:59.397102+00:00,1788295979.397101641,1788295978.038171053,1788295978.020176888,gps_sample,,0,DISARMED,,,,,,,,,6.077372074,80.190757751,,,
30.021920,2026-09-01T20:53:01.686105+00:00,1788295981.686105490,1788295980.239430904,1788295979.915539980,gps_sample,,0,DISARMED,,,,,,,,,6.077372074,80.190757751,,,
30.830521,2026-09-01T20:53:02.494706+00:00,1788295982.494706154,1788295981.037163019,1788295981.007173061,gps_sample,,0,DISARMED,,,,,,,,,6.077372074,80.190757751,,,
31.044988,2026-09-01T20:53:02.709173+00:00,1788295982.709172964,1788295981.238095045,1788295981.114136934,gps_sample,,0,DISARMED,,,,,,,,,6.077372074,80.190757751,,,
31.446782,2026-09-01T20:53:03.110967+00:00,1788295983.110967398,1788295981.616967916,1788295981.593976021,gps_sample,,0,DISARMED,,,,,,,,,6.077372074,80.190757751,,,
31.644493,2026-09-01T20:53:03.308678+00:00,1788295983.308678150,1788295981.816900969,1788295981.795907974,gps_sample,,0,DISARMED,,,,,,,,,6.077372074,80.190757751,,,
32.905047,2026-09-01T20:53:04.569232+00:00,1788295984.569232464,1788295983.036490917,1788295982.897537947,gps_sample,,0,DISARMED,,,,,,,,,6.077372074,80.190757751,,,
34.370502,2026-09-01T20:53:06.034688+00:00,1788295986.034687519,1788295984.436021090,1788295984.408030033,gps_sample,,0,DISARMED,,,,,,,,,6.077372074,80.190757751,,,
36.021065,2026-09-01T20:53:07.685250+00:00,1788295987.685249805,1788295986.038481951,1788295985.943514109,gps_sample,,0,DISARMED,,,,,,,,,6.077372074,80.190757751,,,
37.850775,2026-09-01T20:53:09.514960+00:00,1788295989.514960289,1788295987.817883968,1788295987.731913090,gps_sample,,0,ARMED,,,,,,,,,6.077372074,80.190757751,,,
38.056639,2026-09-01T20:53:09.720824+00:00,1788295989.720824480,1788295988.017817020,1788295987.921849012,gps_sample,,0,ARMED,,,,,,,,,6.077372074,80.190757751,,,
39.986021,2026-09-01T20:53:11.650205+00:00,1788295991.650205374,1788295989.838205099,1788295989.812213898,gps_sample,,0,ARMED,,,,,,,,,6.077372074,80.190757751,,,
40.145298,2026-09-01T20:53:11.809483+00:00,1788295991.809483051,1788295990.037137985,1788295989.954165936,gps_sample,,0,ARMED,,,,,,,,,6.077372074,80.190757751,,,
40.586933,2026-09-01T20:53:12.251118+00:00,1788295992.251118183,1788295990.439002991,1788295990.397017002,gps_sample,,0,FLYING_NO_GUIDED_TARGET,,,,,,,,,6.077372074,80.190757751,,,
41.607539,2026-09-01T20:53:13.271724+00:00,1788295993.271724224,1788295991.438667059,1788295991.423671961,gps_sample,,0,FLYING_NO_GUIDED_TARGET,,,,,,,,,6.077372074,80.190757751,,,
41.799416,2026-09-01T20:53:13.463601+00:00,1788295993.463600874,1788295991.637599945,1788295991.625603914,gps_sample,,0,FLYING_NO_GUIDED_TARGET,,,,,,,,,6.077372074,80.190757751,,,
42.023071,2026-09-01T20:53:13.687257+00:00,1788295993.687257051,1788295991.837532997,1788295991.816540003,gps_sample,,0,FLYING_NO_GUIDED_TARGET,,,,,,,,,6.077372074,80.190757751,,,
42.837394,2026-09-01T20:53:14.501580+00:00,1788295994.501579762,1788295992.637264013,1788295992.569287062,gps_sample,,0,FLYING_NO_GUIDED_TARGET,,,,,,,,,6.077372074,80.190757751,,,
43.060467,2026-09-01T20:53:14.724652+00:00,1788295994.724652290,1788295992.837197065,1788295992.819202900,gps_sample,,0,FLYING_NO_GUIDED_TARGET,,,,,,,,,6.077372074,80.190757751,,,
43.235604,2026-09-01T20:53:14.899790+00:00,1788295994.899789572,1788295993.038129091,1788295992.985146999,gps_sample,,0,FLYING_NO_GUIDED_TARGET,,,,,,,,,6.077372074,80.190757751,,,
45.196733,2026-09-01T20:53:16.860919+00:00,1788295996.860918760,,1788295994.877511024,goto_command,,1,GUIDED_TO_TARGET,/uav1/goto,6.077122400,80.190786300,3.090000000,relative_to_home,3.160266029,-27.610643420,27.941374307,6.077372074,80.190757751,,,
46.333337,2026-09-01T20:53:17.997523+00:00,1788295997.997522831,1788295996.038120985,1788295996.011130095,gps_sample,,1,GUIDED_TO_TARGET,/uav1/goto,6.077122400,80.190786300,3.090000000,relative_to_home,3.160266029,-27.610643420,27.836012022,6.077371120,80.190757751,,,
47.198880,2026-09-01T20:53:18.863066+00:00,1788295998.863065958,,1788295996.698899031,goto_command,,1,GUIDED_TO_TARGET,/uav1/goto,6.077122400,80.190786300,3.090000000,relative_to_home,3.160266029,-27.610643420,27.836012022,6.077371120,80.190757751,,,
47.360679,2026-09-01T20:53:19.024864+00:00,1788295999.024864435,1788295997.016792059,1788295996.986802101,gps_sample,,1,GUIDED_TO_TARGET,/uav1/goto,6.077122400,80.190786300,3.090000000,relative_to_home,3.160266029,-27.610643420,27.414615431,6.077367306,80.190757751,,,
48.007864,2026-09-01T20:53:19.672050+00:00,1788295999.672049761,1788295997.638582945,1788295997.571605921,gps_sample,,1,GUIDED_TO_TARGET,/uav1/goto,6.077122400,80.190786300,3.090000000,relative_to_home,3.160266029,-27.610643420,27.256613931,6.077365875,80.190757751,,,
49.200725,2026-09-01T20:53:20.864912+00:00,1788296000.864912271,,1788295998.684360027,goto_command,,1,GUIDED_TO_TARGET,/uav1/goto,6.077122400,80.190786300,3.090000000,relative_to_home,3.160266029,-27.610643420,27.256613931,6.077365875,80.190757751,,,
51.202951,2026-09-01T20:53:22.867137+00:00,1788296002.867136955,,1788296000.649029970,goto_command,,1,GUIDED_TO_TARGET,/uav1/goto,6.077122400,80.190786300,3.090000000,relative_to_home,3.160266029,-27.610643420,27.256613931,6.077365875,80.190757751,,,
53.204859,2026-09-01T20:53:24.869045+00:00,1788296004.869044542,,1788296002.600702047,goto_command,,1,GUIDED_TO_TARGET,/uav1/goto,6.077122400,80.190786300,3.090000000,relative_to_home,3.160266029,-27.610643420,27.256613931,6.077365875,80.190757751,,,
55.206794,2026-09-01T20:53:26.870980+00:00,1788296006.870979786,,1788296004.471388102,goto_command,,1,GUIDED_TO_TARGET,/uav1/goto,6.077122400,80.190786300,3.090000000,relative_to_home,3.160266029,-27.610643420,27.256613931,6.077365875,80.190757751,,,
55.458947,2026-09-01T20:53:27.123132+00:00,1788296007.123131990,1788296004.838325977,1788296004.808331013,gps_sample,,1,GUIDED_TO_TARGET,/uav1/goto,6.077122400,80.190786300,3.090000000,relative_to_home,3.160266029,-27.610643420,24.783034552,6.077343464,80.190757751,,,
56.863556,2026-09-01T20:53:28.527742+00:00,1788296008.527741671,1788296006.237091064,1788296006.171102047,gps_sample,,1,GUIDED_TO_TARGET,/uav1/goto,6.077122400,80.190786300,3.090000000,relative_to_home,3.160266029,-27.610643420,24.257228313,6.077338696,80.190757751,,,
57.208570,2026-09-01T20:53:28.872756+00:00,1788296008.872755766,,1788296006.514045000,goto_command,,1,GUIDED_TO_TARGET,/uav1/goto,6.077122400,80.190786300,3.090000000,relative_to_home,3.160266029,-27.610643420,24.257228313,6.077338696,80.190757751,,,
57.752250,2026-09-01T20:53:29.416435+00:00,1788296009.416435480,1788296007.016959906,1788296006.977967024,gps_sample,,1,GUIDED_TO_TARGET,/uav1/goto,6.077122400,80.190786300,3.090000000,relative_to_home,3.160266029,-27.610643420,23.994398019,6.077336311,80.190757751,,,
59.210678,2026-09-01T20:53:30.874864+00:00,1788296010.874864101,,1788296008.486712933,goto_command,,1,GUIDED_TO_TARGET,/uav1/goto,6.077122400,80.190786300,3.090000000,relative_to_home,3.160266029,-27.610643420,23.994398019,6.077336311,80.190757751,,,
61.019886,2026-09-01T20:53:32.684072+00:00,1788296012.684071541,1788296010.236418962,1788296010.141434908,gps_sample,,1,GUIDED_TO_TARGET,/uav1/goto,6.077122400,80.190786300,3.090000000,relative_to_home,3.160266029,-27.610643420,22.891084773,6.077326298,80.190757751,,,
61.212686,2026-09-01T20:53:32.876872+00:00,1788296012.876872301,,1788296010.355398893,goto_command,,1,GUIDED_TO_TARGET,/uav1/goto,6.077122400,80.190786300,3.090000000,relative_to_home,3.160266029,-27.610643420,22.891084773,6.077326298,80.190757751,,,
63.215021,2026-09-01T20:53:34.879208+00:00,1788296014.879207611,,1788296012.304071903,goto_command,,1,GUIDED_TO_TARGET,/uav1/goto,6.077122400,80.190786300,3.090000000,relative_to_home,3.160266029,-27.610643420,22.891084773,6.077326298,80.190757751,,,
64.314338,2026-09-01T20:53:35.978524+00:00,1788296015.978523970,1788296013.417885065,1788296013.374891996,gps_sample,,1,GUIDED_TO_TARGET,/uav1/goto,6.077122400,80.190786300,3.090000000,relative_to_home,3.160266029,-27.610643420,21.682663069,6.077316284,80.190765381,,,
65.216900,2026-09-01T20:53:36.881086+00:00,1788296016.881085634,,1788296014.247745037,goto_command,,1,GUIDED_TO_TARGET,/uav1/goto,6.077122400,80.190786300,3.090000000,relative_to_home,3.160266029,-27.610643420,21.682663069,6.077316284,80.190765381,,,
66.424771,2026-09-01T20:53:38.088956+00:00,1788296018.088956356,1788296015.437545061,1788296015.408550024,gps_sample,,1,GUIDED_TO_TARGET,/uav1/goto,6.077122400,80.190786300,3.090000000,relative_to_home,3.160266029,-27.610643420,20.997440675,6.077310085,80.190765381,,,
67.218824,2026-09-01T20:53:38.883010+00:00,1788296018.883009911,,1788296016.134428024,goto_command,,1,GUIDED_TO_TARGET,/uav1/goto,6.077122400,80.190786300,3.090000000,relative_to_home,3.160266029,-27.610643420,20.997440675,6.077310085,80.190765381,,,
67.239763,2026-09-01T20:53:38.903948+00:00,1788296018.903948069,1788296016.238410950,1788296016.220413923,gps_sample,,1,GUIDED_TO_TARGET,/uav1/goto,6.077122400,80.190786300,3.090000000,relative_to_home,3.160266029,-27.610643420,20.733965302,6.077307701,80.190765381,,,
68.062063,2026-09-01T20:53:39.726247+00:00,1788296019.726247311,1788296017.039275885,1788296017.029278040,gps_sample,,1,GUIDED_TO_TARGET,/uav1/goto,6.077122400,80.190786300,3.090000000,relative_to_home,3.160266029,-27.610643420,20.470532122,6.077305317,80.190765381,,,
69.220824,2026-09-01T20:53:40.885011+00:00,1788296020.885010719,,1788296018.129092932,goto_command,,1,GUIDED_TO_TARGET,/uav1/goto,6.077122400,80.190786300,3.090000000,relative_to_home,3.160266029,-27.610643420,20.470532122,6.077305317,80.190765381,,,
69.719614,2026-09-01T20:53:41.383800+00:00,1788296021.383799553,1788296018.640007019,1788296018.570019007,gps_sample,,1,GUIDED_TO_TARGET,/uav1/goto,6.077122400,80.190786300,3.090000000,relative_to_home,3.160266029,-27.610643420,19.891135902,6.077300072,80.190765381,,,
70.109321,2026-09-01T20:53:41.773508+00:00,1788296021.773507595,1788296019.018944025,1788296018.991947889,gps_sample,,1,GUIDED_TO_TARGET,/uav1/goto,6.077122400,80.190786300,3.090000000,relative_to_home,3.160266029,-27.610643420,19.733158062,6.077298641,80.190765381,,,
70.918933,2026-09-01T20:53:42.583119+00:00,1788296022.583118677,1788296019.817809105,1788296019.773817062,gps_sample,,1,GUIDED_TO_TARGET,/uav1/goto,6.077122400,80.190786300,3.090000000,relative_to_home,3.160266029,-27.610643420,19.469901025,6.077296257,80.190765381,,,
71.222860,2026-09-01T20:53:42.887046+00:00,1788296022.887046337,,1788296020.002778053,goto_command,,1,GUIDED_TO_TARGET,/uav1/goto,6.077122400,80.190786300,3.090000000,relative_to_home,3.160266029,-27.610643420,19.469901025,6.077296257,80.190765381,,,
71.984921,2026-09-01T20:53:43.649107+00:00,1788296023.649106503,1788296020.838638067,1788296020.799643993,gps_sample,,1,GUIDED_TO_TARGET,/uav1/goto,6.077122400,80.190786300,3.090000000,relative_to_home,3.160266029,-27.610643420,19.154060027,6.077293396,80.190765381,,,
72.396067,2026-09-01T20:53:44.060253+00:00,1788296024.060252666,1788296021.237571001,1788296021.206576109,gps_sample,,1,GUIDED_TO_TARGET,/uav1/goto,6.077122400,80.190786300,3.090000000,relative_to_home,3.160266029,-27.610643420,18.996168191,6.077291965,80.190765381,,,
72.808681,2026-09-01T20:53:44.472866+00:00,1788296024.472865820,1788296021.636503935,1788296021.586512089,gps_sample,,1,GUIDED_TO_TARGET,/uav1/goto,6.077122400,80.190786300,3.090000000,relative_to_home,3.160266029,-27.610643420,18.890917908,6.077291012,80.190765381,,,
73.224553,2026-09-01T20:53:44.888740+00:00,1788296024.888739824,,1788296021.943451881,goto_command,,1,GUIDED_TO_TARGET,/uav1/goto,6.077122400,80.190786300,3.090000000,relative_to_home,3.160266029,-27.610643420,18.890917908,6.077291012,80.190765381,,,
75.226563,2026-09-01T20:53:46.890749+00:00,1788296026.890749216,,1788296023.928118944,goto_command,,1,GUIDED_TO_TARGET,/uav1/goto,6.077122400,80.190786300,3.090000000,relative_to_home,3.160266029,-27.610643420,18.890917908,6.077291012,80.190765381,,,
75.710201,2026-09-01T20:53:47.374387+00:00,1788296027.374386549,1788296024.437032938,1788296024.402039051,gps_sample,,1,GUIDED_TO_TARGET,/uav1/goto,6.077122400,80.190786300,3.090000000,relative_to_home,3.160266029,-27.610643420,17.891507584,6.077281952,80.190765381,,,
76.296290,2026-09-01T20:53:47.960476+00:00,1788296027.960476160,1788296025.016936064,1788296024.980942011,gps_sample,,1,GUIDED_TO_TARGET,/uav1/goto,6.077122400,80.190786300,3.090000000,relative_to_home,3.160266029,-27.610643420,17.681221188,6.077280045,80.190765381,,,
77.228065,2026-09-01T20:53:48.892251+00:00,1788296028.892250538,,1788296025.886790037,goto_command,,1,GUIDED_TO_TARGET,/uav1/goto,6.077122400,80.190786300,3.090000000,relative_to_home,3.160266029,-27.610643420,17.681221188,6.077280045,80.190765381,,,
77.546165,2026-09-01T20:53:49.210350+00:00,1788296029.210350275,1788296026.237730980,1788296026.203736067,gps_sample,,1,GUIDED_TO_TARGET,/uav1/goto,6.077122400,80.190786300,3.090000000,relative_to_home,3.160266029,-27.610643420,17.313325725,6.077276707,80.190765381,,,
78.567575,2026-09-01T20:53:50.231760+00:00,1788296030.231760025,1788296027.237562895,1788296027.162575006,gps_sample,,1,GUIDED_TO_TARGET,/uav1/goto,6.077122400,80.190786300,3.090000000,relative_to_home,3.160266029,-27.610643420,16.945572338,6.077273369,80.190765381,,,
79.230150,2026-09-01T20:53:50.894336+00:00,1788296030.894335508,,1788296027.706484079,goto_command,,1,GUIDED_TO_TARGET,/uav1/goto,6.077122400,80.190786300,3.090000000,relative_to_home,3.160266029,-27.610643420,16.945572338,6.077273369,80.190765381,,,
81.232270,2026-09-01T20:53:52.896456+00:00,1788296032.896456003,,1788296029.703147888,goto_command,,1,GUIDED_TO_TARGET,/uav1/goto,6.077122400,80.190786300,3.090000000,relative_to_home,3.160266029,-27.610643420,16.945572338,6.077273369,80.190765381,,,
83.234486,2026-09-01T20:53:54.898672+00:00,1788296034.898672342,,1788296031.735806942,goto_command,,1,GUIDED_TO_TARGET,/uav1/goto,6.077122400,80.190786300,3.090000000,relative_to_home,3.160266029,-27.610643420,16.945572338,6.077273369,80.190765381,,,
83.738469,2026-09-01T20:53:55.402654+00:00,1788296035.402654171,1788296032.236722946,1788296032.196728945,gps_sample,,1,GUIDED_TO_TARGET,/uav1/goto,6.077122400,80.190786300,3.090000000,relative_to_home,3.160266029,-27.610643420,15.108873785,6.077257633,80.190773010,,,
84.988733,2026-09-01T20:53:56.652918+00:00,1788296036.652918339,1788296033.437520981,1788296033.357533932,gps_sample,,1,GUIDED_TO_TARGET,/uav1/goto,6.077122400,80.190786300,3.090000000,relative_to_home,3.160266029,-27.610643420,14.739524412,6.077254295,80.190773010,,,
85.237353,2026-09-01T20:53:56.901538+00:00,1788296036.901538372,,1788296033.643486023,goto_command,,1,GUIDED_TO_TARGET,/uav1/goto,6.077122400,80.190786300,3.090000000,relative_to_home,3.160266029,-27.610643420,14.739524412,6.077254295,80.190773010,,,
86.633335,2026-09-01T20:53:58.297520+00:00,1788296038.297520161,1788296035.037251949,1788296035.015255928,gps_sample,,1,GUIDED_TO_TARGET,/uav1/goto,6.077122400,80.190786300,3.090000000,relative_to_home,3.160266029,-27.610643420,14.159308843,6.077249050,80.190773010,,,
87.238973,2026-09-01T20:53:58.903160+00:00,1788296038.903159857,,1788296035.530169010,goto_command,,1,GUIDED_TO_TARGET,/uav1/goto,6.077122400,80.190786300,3.090000000,relative_to_home,3.160266029,-27.610643420,14.159308843,6.077249050,80.190773010,,,
87.888371,2026-09-01T20:53:59.552557+00:00,1788296039.552556753,1788296036.238049984,1788296036.233051062,gps_sample,,1,GUIDED_TO_TARGET,/uav1/goto,6.077122400,80.190786300,3.090000000,relative_to_home,3.160266029,-27.610643420,13.737494802,6.077245235,80.190773010,,,
88.092412,2026-09-01T20:53:59.756597+00:00,1788296039.756597281,1788296036.437016964,1788296036.339032888,gps_sample,,1,GUIDED_TO_TARGET,/uav1/goto,6.077122400,80.190786300,3.090000000,relative_to_home,3.160266029,-27.610643420,13.632064185,6.077244282,80.190773010,,,
88.282128,2026-09-01T20:53:59.946313+00:00,1788296039.946313381,1788296036.618985891,1788296036.518002987,gps_sample,,1,GUIDED_TO_TARGET,/uav1/goto,6.077122400,80.190786300,3.090000000,relative_to_home,3.160266029,-27.610643420,13.632064185,6.077244282,80.190773010,,,
89.240608,2026-09-01T20:54:00.904794+00:00,1788296040.904793739,,1788296037.268877029,goto_command,,1,GUIDED_TO_TARGET,/uav1/goto,6.077122400,80.190786300,3.090000000,relative_to_home,3.160266029,-27.610643420,13.632064185,6.077244282,80.190773010,,,
89.742650,2026-09-01T20:54:01.406836+00:00,1788296041.406835794,1788296038.037748098,1788296038.025749922,gps_sample,,1,GUIDED_TO_TARGET,/uav1/goto,6.077122400,80.190786300,3.090000000,relative_to_home,3.160266029,-27.610643420,13.105059511,6.077239513,80.190773010,,,
89.950971,2026-09-01T20:54:01.615156+00:00,1788296041.615156412,1788296038.237714052,1788296038.214718103,gps_sample,,1,GUIDED_TO_TARGET,/uav1/goto,6.077122400,80.190786300,3.090000000,relative_to_home,3.160266029,-27.610643420,13.052373362,6.077239037,80.190773010,,,
90.579477,2026-09-01T20:54:02.243663+00:00,1788296042.243663073,1788296038.838613033,1788296038.751627922,gps_sample,,1,GUIDED_TO_TARGET,/uav1/goto,6.077122400,80.190786300,3.090000000,relative_to_home,3.160266029,-27.610643420,12.841656401,6.077237129,80.190773010,,,
90.976327,2026-09-01T20:54:02.640512+00:00,1788296042.640511751,1788296039.237545967,1788296039.225548029,gps_sample,,1,GUIDED_TO_TARGET,/uav1/goto,6.077122400,80.190786300,3.090000000,relative_to_home,3.160266029,-27.610643420,12.736314982,6.077236176,80.190773010,,,
91.242627,2026-09-01T20:54:02.906812+00:00,1788296042.906812429,,1788296039.285537958,goto_command,,1,GUIDED_TO_TARGET,/uav1/goto,6.077122400,80.190786300,3.090000000,relative_to_home,3.160266029,-27.610643420,12.736314982,6.077236176,80.190773010,,,
91.830063,2026-09-01T20:54:03.494249+00:00,1788296043.494249105,1788296040.037411928,1788296039.904433966,gps_sample,,1,GUIDED_TO_TARGET,/uav1/goto,6.077122400,80.190786300,3.090000000,relative_to_home,3.160266029,-27.610643420,12.473013509,6.077233791,80.190773010,,,
92.445792,2026-09-01T20:54:04.109977+00:00,1788296044.109976530,1788296040.637310982,1788296040.582319975,gps_sample,,1,GUIDED_TO_TARGET,/uav1/goto,6.077122400,80.190786300,3.090000000,relative_to_home,3.160266029,-27.610643420,12.262428422,6.077231884,80.190773010,,,
93.245413,2026-09-01T20:54:04.909598+00:00,1788296044.909597874,,1788296041.380186081,goto_command,,1,GUIDED_TO_TARGET,/uav1/goto,6.077122400,80.190786300,3.090000000,relative_to_home,3.160266029,-27.610643420,12.262428422,6.077231884,80.190773010,,,
95.248096,2026-09-01T20:54:06.912282+00:00,1788296046.912282228,,1788296043.349854946,goto_command,,1,GUIDED_TO_TARGET,/uav1/goto,6.077122400,80.190786300,3.090000000,relative_to_home,3.160266029,-27.610643420,12.262428422,6.077231884,80.190773010,,,
95.939856,2026-09-01T20:54:07.604042+00:00,1788296047.604041576,1788296044.037739992,1788296043.974750042,gps_sample,,1,GUIDED_TO_TARGET,/uav1/goto,6.077122400,80.190786300,3.090000000,relative_to_home,3.160266029,-27.610643420,11.052679206,6.077220917,80.190773010,,,
96.139175,2026-09-01T20:54:07.803360+00:00,1788296047.803359747,1788296044.236706018,1788296044.177716017,gps_sample,,1,GUIDED_TO_TARGET,/uav1/goto,6.077122400,80.190786300,3.090000000,relative_to_home,3.160266029,-27.610643420,10.866557323,6.077219963,80.190780640,,,
96.560597,2026-09-01T20:54:08.224782+00:00,1788296048.224782228,1788296044.637639046,1788296044.578649044,gps_sample,,1,GUIDED_TO_TARGET,/uav1/goto,6.077122400,80.190786300,3.090000000,relative_to_home,3.160266029,-27.610643420,10.813623898,6.077219486,80.190780640,,,
97.249471,2026-09-01T20:54:08.913658+00:00,1788296048.913657665,,1788296045.281531096,goto_command,,1,GUIDED_TO_TARGET,/uav1/goto,6.077122400,80.190786300,3.090000000,relative_to_home,3.160266029,-27.610643420,10.813623898,6.077219486,80.190780640,,,
99.045555,2026-09-01T20:54:10.709741+00:00,1788296050.709740639,1788296047.039235115,1788296046.938251972,gps_sample,,1,GUIDED_TO_TARGET,/uav1/goto,6.077122400,80.190786300,3.090000000,relative_to_home,3.160266029,-27.610643420,9.966816972,6.077211857,80.190780640,,,
99.251484,2026-09-01T20:54:10.915669+00:00,1788296050.915669441,,1788296047.203207970,goto_command,,1,GUIDED_TO_TARGET,/uav1/goto,6.077122400,80.190786300,3.090000000,relative_to_home,3.160266029,-27.610643420,9.966816972,6.077211857,80.190780640,,,
99.876217,2026-09-01T20:54:11.540402+00:00,1788296051.540402412,1788296047.837100983,1788296047.822103977,gps_sample,,1,GUIDED_TO_TARGET,/uav1/goto,6.077122400,80.190786300,3.090000000,relative_to_home,3.160266029,-27.610643420,9.649334261,6.077208996,80.190780640,,,
101.253507,2026-09-01T20:54:12.917693+00:00,1788296052.917693138,,1788296049.143882036,goto_command,,1,GUIDED_TO_TARGET,/uav1/goto,6.077122400,80.190786300,3.090000000,relative_to_home,3.160266029,-27.610643420,9.649334261,6.077208996,80.190780640,,,
103.255450,2026-09-01T20:54:14.919637+00:00,1788296054.919636965,,1788296050.908585072,goto_command,,1,GUIDED_TO_TARGET,/uav1/goto,6.077122400,80.190786300,3.090000000,relative_to_home,3.160266029,-27.610643420,9.649334261,6.077208996,80.190780640,,,
105.257171,2026-09-01T20:54:16.921357+00:00,1788296056.921357393,,1788296052.919246912,goto_command,,1,GUIDED_TO_TARGET,/uav1/goto,6.077122400,80.190786300,3.090000000,relative_to_home,3.160266029,-27.610643420,9.649334261,6.077208996,80.190780640,,,
106.509635,2026-09-01T20:54:18.173821+00:00,1788296058.173821449,1788296054.239026070,1788296054.135042906,gps_sample,,1,GUIDED_TO_TARGET,/uav1/goto,6.077122400,80.190786300,3.090000000,relative_to_home,3.160266029,-27.610643420,7.428509186,6.077188969,80.190780640,,,
107.258680,2026-09-01T20:54:18.922865+00:00,1788296058.922865152,,1788296054.871918917,goto_command,,1,GUIDED_TO_TARGET,/uav1/goto,6.077122400,80.190786300,3.090000000,relative_to_home,3.160266029,-27.610643420,7.428509186,6.077188969,80.190780640,,,
109.260632,2026-09-01T20:54:20.924819+00:00,1788296060.924818516,,1788296056.903578043,goto_command,,1,GUIDED_TO_TARGET,/uav1/goto,6.077122400,80.190786300,3.090000000,relative_to_home,3.160266029,-27.610643420,7.428509186,6.077188969,80.190780640,,,
110.018606,2026-09-01T20:54:21.682791+00:00,1788296061.682791471,1788296057.636455059,1788296057.591461897,gps_sample,,1,GUIDED_TO_TARGET,/uav1/goto,6.077122400,80.190786300,3.090000000,relative_to_home,3.160266029,-27.610643420,6.266946058,6.077178478,80.190780640,,,
110.396755,2026-09-01T20:54:22.060940+00:00,1788296062.060940027,1788296058.037386894,1788296057.926405907,gps_sample,,1,GUIDED_TO_TARGET,/uav1/goto,6.077122400,80.190786300,3.090000000,relative_to_home,3.160266029,-27.610643420,6.108696307,6.077177048,80.190780640,,,
110.830582,2026-09-01T20:54:22.494768+00:00,1788296062.494768143,1788296058.439320087,1788296058.330338001,gps_sample,,1,GUIDED_TO_TARGET,/uav1/goto,6.077122400,80.190786300,3.090000000,relative_to_home,3.160266029,-27.610643420,6.003220431,6.077176094,80.190780640,,,
111.135614,2026-09-01T20:54:22.799800+00:00,1788296062.799800396,1788296058.636286974,1788296058.615289927,gps_sample,,1,GUIDED_TO_TARGET,/uav1/goto,6.077122400,80.190786300,3.090000000,relative_to_home,3.160266029,-27.610643420,5.897764922,6.077175140,80.190780640,,,
111.262801,2026-09-01T20:54:22.926988+00:00,1788296062.926988363,,1788296058.710273981,goto_command,,1,GUIDED_TO_TARGET,/uav1/goto,6.077122400,80.190786300,3.090000000,relative_to_home,3.160266029,-27.610643420,5.897764922,6.077175140,80.190780640,,,
112.128740,2026-09-01T20:54:23.792927+00:00,1788296063.792926788,1788296059.639117956,1788296059.593126059,gps_sample,,1,GUIDED_TO_TARGET,/uav1/goto,6.077122400,80.190786300,3.090000000,relative_to_home,3.160266029,-27.610643420,5.581532134,6.077172279,80.190780640,,,
112.595735,2026-09-01T20:54:24.259922+00:00,1788296064.259922028,1788296060.037050962,1788296059.770096064,gps_sample,,1,GUIDED_TO_TARGET,/uav1/goto,6.077122400,80.190786300,3.090000000,relative_to_home,3.160266029,-27.610643420,5.476170075,6.077171326,80.190780640,,,
113.264843,2026-09-01T20:54:24.929029+00:00,1788296064.929029226,,1788296060.587959051,goto_command,,1,GUIDED_TO_TARGET,/uav1/goto,6.077122400,80.190786300,3.090000000,relative_to_home,3.160266029,-27.610643420,5.476170075,6.077171326,80.190780640,,,
115.267032,2026-09-01T20:54:26.931221+00:00,1788296066.931220531,,1788296062.455645084,goto_command,,1,GUIDED_TO_TARGET,/uav1/goto,6.077122400,80.190786300,3.090000000,relative_to_home,3.160266029,-27.610643420,5.476170075,6.077171326,80.190780640,,,
117.269067,2026-09-01T20:54:28.933254+00:00,1788296068.933254480,,1788296064.513298988,goto_command,,1,GUIDED_TO_TARGET,/uav1/goto,6.077122400,80.190786300,3.090000000,relative_to_home,3.160266029,-27.610643420,5.476170075,6.077171326,80.190780640,,,
118.604833,2026-09-01T20:54:30.269018+00:00,1788296070.269018412,1788296065.837076902,1788296065.644109011,gps_sample,,1,GUIDED_TO_TARGET,/uav1/goto,6.077122400,80.190786300,3.090000000,relative_to_home,3.160266029,-27.610643420,3.379455128,6.077152729,80.190788269,,,
118.771296,2026-09-01T20:54:30.435482+00:00,1788296070.435482264,1788296066.037043095,1788296065.882069111,gps_sample,,1,GUIDED_TO_TARGET,/uav1/goto,6.077122400,80.190786300,3.090000000,relative_to_home,3.160266029,-27.610643420,3.326545154,6.077152252,80.190788269,,,
119.272986,2026-09-01T20:54:30.937173+00:00,1788296070.937172890,,1788296066.535959005,goto_command,,1,GUIDED_TO_TARGET,/uav1/goto,6.077122400,80.190786300,3.090000000,relative_to_home,3.160266029,-27.610643420,3.326545154,6.077152252,80.190788269,,,
120.616009,2026-09-01T20:54:32.280195+00:00,1788296072.280194759,1788296067.836740971,1788296067.631774902,gps_sample,,1,GUIDED_TO_TARGET,/uav1/goto,6.077122400,80.190786300,3.090000000,relative_to_home,3.160266029,-27.610643420,2.691968962,6.077146530,80.190788269,,,
121.273332,2026-09-01T20:54:32.937517+00:00,1788296072.937517166,,1788296068.297662973,goto_command,,1,GUIDED_TO_TARGET,/uav1/goto,6.077122400,80.190786300,3.090000000,relative_to_home,3.160266029,-27.610643420,2.691968962,6.077146530,80.190788269,,,
121.436827,2026-09-01T20:54:33.101013+00:00,1788296073.101012707,1788296068.638606071,1788296068.547621012,gps_sample,,1,GUIDED_TO_TARGET,/uav1/goto,6.077122400,80.190786300,3.090000000,relative_to_home,3.160266029,-27.610643420,2.427822742,6.077144146,80.190788269,,,
123.275018,2026-09-01T20:54:34.939204+00:00,1788296074.939203978,,1788296070.285329103,goto_command,,1,GUIDED_TO_TARGET,/uav1/goto,6.077122400,80.190786300,3.090000000,relative_to_home,3.160266029,-27.610643420,2.427822742,6.077144146,80.190788269,,,
123.528306,2026-09-01T20:54:35.192492+00:00,1788296075.192491531,1788296070.637269974,1788296070.610275030,gps_sample,,1,GUIDED_TO_TARGET,/uav1/goto,6.077122400,80.190786300,3.090000000,relative_to_home,3.160266029,-27.610643420,1.742412262,6.077137947,80.190788269,,,
124.335992,2026-09-01T20:54:36.000177+00:00,1788296076.000177145,1788296071.437135935,1788296071.250166893,gps_sample,,1,GUIDED_TO_TARGET,/uav1/goto,6.077122400,80.190786300,3.090000000,relative_to_home,3.160266029,-27.610643420,1.427327910,6.077135086,80.190788269,,,
124.944490,2026-09-01T20:54:36.608675+00:00,1788296076.608674526,1788296072.036035061,1788296072.012038946,gps_sample,,1,GUIDED_TO_TARGET,/uav1/goto,6.077122400,80.190786300,3.090000000,relative_to_home,3.160266029,-27.610643420,1.270355387,6.077133656,80.190788269,,,
125.277498,2026-09-01T20:54:36.941684+00:00,1788296076.941683531,,1788296072.308989048,goto_command,,1,GUIDED_TO_TARGET,/uav1/goto,6.077122400,80.190786300,3.090000000,relative_to_home,3.160266029,-27.610643420,1.270355387,6.077133656,80.190788269,,,
125.559827,2026-09-01T20:54:37.224013+00:00,1788296077.224012852,1788296072.618937016,1788296072.593940973,gps_sample,,1,GUIDED_TO_TARGET,/uav1/goto,6.077122400,80.190786300,3.090000000,relative_to_home,3.160266029,-27.610643420,1.062028031,6.077131748,80.190788269,,,
127.280066,2026-09-01T20:54:38.944252+00:00,1788296078.944252253,,1788296074.244663954,goto_command,,1,GUIDED_TO_TARGET,/uav1/goto,6.077122400,80.190786300,3.090000000,relative_to_home,3.160266029,-27.610643420,1.062028031,6.077131748,80.190788269,,,
129.281895,2026-09-01T20:54:40.946081+00:00,1788296080.946081161,,1788296076.113349915,goto_command,,1,GUIDED_TO_TARGET,/uav1/goto,6.077122400,80.190786300,3.090000000,relative_to_home,3.160266029,-27.610643420,1.062028031,6.077131748,80.190788269,,,
130.753606,2026-09-01T20:54:42.417792+00:00,1788296082.417792082,1788296077.636094093,1788296077.481120110,gps_sample,,1,GUIDED_TO_TARGET,/uav1/goto,6.077122400,80.190786300,3.090000000,relative_to_home,3.160266029,-27.610643420,0.220064540,6.077122688,80.190788269,,,
130.753705,2026-09-01T20:54:42.417891+00:00,1788296082.417890787,,1788296077.481120110,waypoint_reached,,1,AT_TARGET,/uav1/goto,6.077122400,80.190786300,3.090000000,relative_to_home,3.160266029,-27.610643420,0.220064540,6.077122688,80.190788269,,,
131.547233,2026-09-01T20:54:43.211419+00:00,1788296083.211418867,1788296078.417963028,1788296078.403964996,gps_sample,,1,AT_TARGET,/uav1/goto,6.077122400,80.190786300,3.090000000,relative_to_home,3.160266029,-27.610643420,0.220064540,6.077122688,80.190788269,,,
133.050315,2026-09-01T20:54:44.714500+00:00,1788296084.714500189,1788296079.837723970,1788296079.819726944,gps_sample,,1,AT_TARGET,/uav1/goto,6.077122400,80.190786300,3.090000000,relative_to_home,3.160266029,-27.610643420,0.220064540,6.077122688,80.190788269,,,
134.476131,2026-09-01T20:54:46.140317+00:00,1788296086.140316963,1788296081.236489058,1788296081.231489897,gps_sample,,1,AT_TARGET,/uav1/goto,6.077122400,80.190786300,3.090000000,relative_to_home,3.160266029,-27.610643420,0.220064540,6.077122688,80.190788269,,,
134.672677,2026-09-01T20:54:46.336863+00:00,1788296086.336862564,1788296081.438455105,1788296081.290479898,gps_sample,,1,AT_TARGET,/uav1/goto,6.077122400,80.190786300,3.090000000,relative_to_home,3.160266029,-27.610643420,0.220064540,6.077122688,80.190788269,,,
135.289745,2026-09-01T20:54:46.953929+00:00,1788296086.953929424,1788296082.038353920,1788296081.957367897,gps_sample,,1,AT_TARGET,/uav1/goto,6.077122400,80.190786300,3.090000000,relative_to_home,3.160266029,-27.610643420,0.218724257,6.077122211,80.190788269,,,
135.724012,2026-09-01T20:54:47.388198+00:00,1788296087.388197899,1788296082.438287020,1788296082.408292055,gps_sample,,1,AT_TARGET,/uav1/goto,6.077122400,80.190786300,3.090000000,relative_to_home,3.160266029,-27.610643420,0.218724257,6.077122211,80.190788269,,,
136.137500,2026-09-01T20:54:47.801686+00:00,1788296087.801685572,1788296082.837219954,1788296082.789227962,gps_sample,,1,AT_TARGET,/uav1/goto,6.077122400,80.190786300,3.090000000,relative_to_home,3.160266029,-27.610643420,0.218724257,6.077122211,80.190788269,,,
141.094065,2026-09-01T20:54:52.758251+00:00,1788296092.758251190,1788296087.638413906,1788296087.587421894,gps_sample,,1,AT_TARGET,/uav1/goto,6.077122400,80.190786300,3.090000000,relative_to_home,3.160266029,-27.610643420,0.220064540,6.077122688,80.190788269,,,
141.913109,2026-09-01T20:54:53.577295+00:00,1788296093.577294827,1788296088.437278986,1788296088.360291958,gps_sample,,1,AT_TARGET,/uav1/goto,6.077122400,80.190786300,3.090000000,relative_to_home,3.160266029,-27.610643420,0.220064540,6.077122688,80.190788269,,,
142.347211,2026-09-01T20:54:54.011396+00:00,1788296094.011396170,1788296088.836211920,1788296088.586253881,gps_sample,,1,AT_TARGET,/uav1/goto,6.077122400,80.190786300,3.090000000,relative_to_home,3.160266029,-27.610643420,0.220064540,6.077122688,80.190788269,,,
143.556932,2026-09-01T20:54:55.221117+00:00,1788296095.221116781,1788296090.038009882,1788296090.023013115,gps_sample,,1,AT_TARGET,/uav1/goto,6.077122400,80.190786300,3.090000000,relative_to_home,3.160266029,-27.610643420,0.218724257,6.077122211,80.190788269,,,
143.957133,2026-09-01T20:54:55.621319+00:00,1788296095.621318817,1788296090.416946888,1788296090.321963072,gps_sample,,1,AT_TARGET,/uav1/goto,6.077122400,80.190786300,3.090000000,relative_to_home,3.160266029,-27.610643420,0.218724257,6.077122211,80.190788269,,,
144.175669,2026-09-01T20:54:55.839856+00:00,1788296095.839855671,1788296090.618912935,1788296090.514930010,gps_sample,,1,AT_TARGET,/uav1/goto,6.077122400,80.190786300,3.090000000,relative_to_home,3.160266029,-27.610643420,0.218724257,6.077122211,80.190788269,,,
144.364518,2026-09-01T20:54:56.028704+00:00,1788296096.028703690,1788296090.817878962,1788296090.725894928,gps_sample,,1,AT_TARGET,/uav1/goto,6.077122400,80.190786300,3.090000000,relative_to_home,3.160266029,-27.610643420,0.218724257,6.077122211,80.190788269,,,
145.237388,2026-09-01T20:54:56.901574+00:00,1788296096.901573896,1788296091.636742115,1788296091.606746912,gps_sample,,1,AT_TARGET,/uav1/goto,6.077122400,80.190786300,3.090000000,relative_to_home,3.160266029,-27.610643420,0.218724257,6.077122211,80.190788269,,,
147.291445,2026-09-01T20:54:58.955630+00:00,1788296098.955630064,1788296093.638405085,1788296093.341454983,gps_sample,,1,AT_TARGET,/uav1/goto,6.077122400,80.190786300,3.090000000,relative_to_home,3.160266029,-27.610643420,0.220064540,6.077122688,80.190788269,,,
147.697088,2026-09-01T20:54:59.361273+00:00,1788296099.361273050,1788296094.038337946,1788296094.020340919,gps_sample,,1,AT_TARGET,/uav1/goto,6.077122400,80.190786300,3.090000000,relative_to_home,3.160266029,-27.610643420,0.220064540,6.077122688,80.190788269,,,
148.725451,2026-09-01T20:55:00.389636+00:00,1788296100.389636278,1788296095.037169933,1788296094.960182905,gps_sample,,1,AT_TARGET,/uav1/goto,6.077122400,80.190786300,3.090000000,relative_to_home,3.160266029,-27.610643420,0.220064540,6.077122688,80.190788269,,,
151.833175,2026-09-01T20:55:03.497360+00:00,1788296103.497360229,1788296098.038666010,1788296098.009670973,gps_sample,,1,LANDING,/uav1/goto,6.077122400,80.190786300,3.090000000,relative_to_home,3.160266029,-27.610643420,0.220064540,6.077122688,80.190788269,,,
152.041489,2026-09-01T20:55:03.705674+00:00,1788296103.705673933,1788296098.239631891,1788296098.222635031,gps_sample,,1,LANDING,/uav1/goto,6.077122400,80.190786300,3.090000000,relative_to_home,3.160266029,-27.610643420,0.220064540,6.077122688,80.190788269,,,
154.521959,2026-09-01T20:55:06.186145+00:00,1788296106.186144829,1788296100.638228893,1788296100.590236902,gps_sample,,1,LANDING,/uav1/goto,6.077122400,80.190786300,3.090000000,relative_to_home,3.160266029,-27.610643420,0.220064540,6.077122688,80.190788269,,,
155.779546,2026-09-01T20:55:07.443733+00:00,1788296107.443732500,1788296101.837028027,1788296101.651058912,gps_sample,,1,LANDING,/uav1/goto,6.077122400,80.190786300,3.090000000,relative_to_home,3.160266029,-27.610643420,0.220064540,6.077122688,80.190788269,,,
156.371016,2026-09-01T20:55:08.035201+00:00,1788296108.035201073,1788296102.418930054,1788296102.398932934,gps_sample,,1,LANDING,/uav1/goto,6.077122400,80.190786300,3.090000000,relative_to_home,3.160266029,-27.610643420,0.218724257,6.077122211,80.190788269,,,
156.575677,2026-09-01T20:55:08.239862+00:00,1788296108.239862442,1788296102.618896008,1788296102.518913031,gps_sample,,1,LANDING,/uav1/goto,6.077122400,80.190786300,3.090000000,relative_to_home,3.160266029,-27.610643420,0.218724257,6.077122211,80.190788269,,,
159.690527,2026-09-01T20:55:11.354712+00:00,1788296111.354712248,1788296105.637388945,1788296105.582397938,gps_sample,,1,LANDING,/uav1/goto,6.077122400,80.190786300,3.090000000,relative_to_home,3.160266029,-27.610643420,0.220064540,6.077122688,80.190788269,,,
160.724896,2026-09-01T20:55:12.389081+00:00,1788296112.389081001,1788296106.638221025,1788296106.602226973,gps_sample,,1,LANDING,/uav1/goto,6.077122400,80.190786300,3.090000000,relative_to_home,3.160266029,-27.610643420,0.220064540,6.077122688,80.190788269,,,
161.127187,2026-09-01T20:55:12.791372+00:00,1788296112.791372299,1788296107.039154053,1788296107.019156933,gps_sample,,1,LANDING,/uav1/goto,6.077122400,80.190786300,3.090000000,relative_to_home,3.160266029,-27.610643420,0.220064540,6.077122688,80.190788269,,,
162.353546,2026-09-01T20:55:14.017732+00:00,1788296114.017731905,1788296108.217956066,1788296108.200958014,gps_sample,,1,LANDING,/uav1/goto,6.077122400,80.190786300,3.090000000,relative_to_home,3.160266029,-27.610643420,0.220064540,6.077122688,80.190788269,,,
162.800342,2026-09-01T20:55:14.464528+00:00,1788296114.464527845,1788296108.618887901,1788296108.590893030,gps_sample,,1,LANDING,/uav1/goto,6.077122400,80.190786300,3.090000000,relative_to_home,3.160266029,-27.610643420,0.220064540,6.077122688,80.190788269,,,
