elapsed_time_s,wall_time,wall_time_unix_s,source_timestamp_s,source_clock_s,latitude_deg,longitude_deg,altitude_msl_m,relative_altitude_m,gps_local_east_m,gps_local_north_m,local_x_east_m,local_y_north_m,local_z_up_m,ground_speed_mps,vertical_speed_up_mps,heading_deg,source_topic
0.362447,2026-09-01T20:06:45.463682+00:00,1788293205.463681698,1788293206.436176062,1788293206.320254087,6.077372074,80.190757751,0.000000000,0.002000000,0.282442081,-0.013919861,0.000000000,0.000000000,-0.000000000,0.030034731,0.000912581,179.439309,/ap/v1/navsat
1.152042,2026-09-01T20:06:46.253278+00:00,1788293206.253277540,1788293207.236637115,1788293207.167684078,6.077372074,80.190757751,0.000000000,0.001000000,0.282442081,-0.013919861,0.000000000,0.000000000,-0.000000000,0.031042242,0.000769035,179.449186,/ap/v1/navsat
1.783905,2026-09-01T20:06:46.885140+00:00,1788293206.885139704,1788293207.837233067,1788293207.774276018,6.077372074,80.190757751,0.000000000,0.001000000,0.282442081,-0.013919861,0.000000000,0.000000000,-0.000000000,0.032836136,0.000371776,179.466056,/ap/v1/navsat
3.654152,2026-09-01T20:06:48.755387+00:00,1788293208.755387068,1788293209.639022112,1788293209.581060886,6.077372074,80.190757751,0.000000000,0.000000000,0.282442081,-0.013919861,0.000000000,0.000000000,-0.000000000,0.035967215,0.000048152,179.497814,/ap/v1/navsat
3.813675,2026-09-01T20:06:48.914908+00:00,1788293208.914908409,1788293209.817902088,1788293209.775929928,6.077372074,80.190757751,0.000000000,0.000000000,0.282442081,-0.013919861,0.000000000,0.000000000,-0.000000000,0.035967215,0.000048152,179.497814,/ap/v1/navsat
5.076963,2026-09-01T20:06:50.178198+00:00,1788293210.178198099,1788293211.037084103,1788293210.964133024,6.077372074,80.190757751,0.000000000,0.000000000,0.282442081,-0.013919861,0.000000000,0.000000000,-0.000000000,0.038299513,-0.000171764,179.519139,/ap/v1/navsat
5.259098,2026-09-01T20:06:50.360332+00:00,1788293210.360332489,1788293211.216963053,1788293211.147010088,6.077372074,80.190757751,0.000000000,0.000000000,0.282442081,-0.013919861,0.000000000,0.000000000,-0.000000000,0.038299513,-0.000171764,179.519139,/ap/v1/navsat
5.723233,2026-09-01T20:06:50.824468+00:00,1788293210.824467659,1788293211.637680054,1788293211.491777897,6.077372074,80.190757751,0.000000000,0.000000000,0.282442081,-0.013919861,0.000000000,0.000000000,-0.000000000,0.039913718,-0.000106455,179.534066,/ap/v1/navsat
6.133674,2026-09-01T20:06:51.234908+00:00,1788293211.234908104,1788293212.039410114,1788293212.021421909,6.077372074,80.190757751,0.000000000,0.000000000,0.282442081,-0.013919861,0.000000000,0.000000000,-0.000000000,0.040385258,-0.000133527,179.539225,/ap/v1/navsat
8.568954,2026-09-01T20:06:53.670188+00:00,1788293213.670187950,1788293214.418809891,1788293214.290895939,6.077372074,80.190757751,0.000000000,-0.001000000,0.282442081,-0.013919861,0.000000000,0.000000000,-0.000000000,0.043527030,-0.000094465,179.576537,/ap/v1/navsat
10.034042,2026-09-01T20:06:55.135277+00:00,1788293215.135276794,1788293215.816869974,1788293215.774898052,6.077372074,80.190757751,0.000000000,-0.001000000,0.282442081,-0.013919861,0.000000000,0.000000000,-0.000000000,0.045691610,-0.000061067,179.600708,/ap/v1/navsat
12.529238,2026-09-01T20:06:57.630473+00:00,1788293217.630473137,1788293218.239240885,1788293218.191272974,6.077372074,80.190757751,0.000000000,-0.001000000,0.282442081,-0.013919861,0.000000000,0.000000000,-0.000000000,0.048278370,-0.000156427,179.633892,/ap/v1/navsat
13.353316,2026-09-01T20:06:58.454550+00:00,1788293218.454550028,1788293219.037703991,1788293218.993732929,6.077372074,80.190757751,0.000000000,-0.001000000,0.282442081,-0.013919861,0.000000000,0.000000000,-0.000000000,0.008032701,-0.000233956,179.651483,/ap/v1/navsat
15.022554,2026-09-01T20:07:00.123788+00:00,1788293220.123788357,1788293220.637628078,1788293220.576668978,6.077372074,80.190757751,0.000000000,-0.001000000,0.282442081,-0.013919861,0.000000000,0.000000000,-0.000000000,0.024304803,-0.000154932,179.674926,/ap/v1/navsat
15.212657,2026-09-01T20:07:00.313892+00:00,1788293220.313891649,1788293220.838493109,1788293220.795521975,6.077372074,80.190757751,0.000000000,-0.001000000,0.282442081,-0.013919861,0.000000000,0.000000000,-0.000000000,0.026204610,-0.000198142,179.678709,/ap/v1/navsat
15.847982,2026-09-01T20:07:00.949216+00:00,1788293220.949216366,1788293221.439089060,1788293221.387124062,6.077372074,80.190757751,0.000000000,-0.001000000,0.282442081,-0.013919861,0.000000000,0.000000000,-0.000000000,0.027973344,-0.000116546,179.687431,/ap/v1/navsat
17.886409,2026-09-01T20:07:02.987644+00:00,1788293222.987644196,1788293223.437745094,1788293223.366792917,6.077372074,80.190757751,0.000000000,-0.001000000,0.000000000,0.000000000,-0.011069321,0.011131885,-0.000000000,0.023238035,-0.000133576,179.715141,/ap/v1/navsat
18.750016,2026-09-01T20:07:03.851250+00:00,1788293223.851250410,1788293224.238207102,1788293224.025350094,6.077372074,80.190757751,0.000000000,-0.001000000,0.000000000,0.000000000,-0.011069321,0.011131885,-0.000000000,0.022229816,-0.000179268,179.721260,/ap/v1/navsat
20.997517,2026-09-01T20:07:06.098751+00:00,1788293226.098750830,1788293226.438726902,1788293226.331799030,6.077372074,80.190757751,0.000000000,-0.001000000,0.000000000,0.000000000,-0.011069321,0.000000000,-0.000000000,0.018895054,-0.000138347,179.756363,/ap/v1/navsat
22.680825,2026-09-01T20:07:07.782060+00:00,1788293227.782059669,1788293228.038650990,1788293228.007672071,6.077372074,80.190757751,0.000000000,-0.001000000,0.000000000,0.000000000,-0.011069321,0.000000000,-0.000000000,0.019378540,0.000050259,179.778627,/ap/v1/navsat
24.351947,2026-09-01T20:07:09.453182+00:00,1788293229.453181982,1788293229.637576103,1788293229.579615116,6.077372074,80.190757751,0.000000000,-0.001000000,0.000000000,0.000000000,-0.011069321,0.000000000,-0.000000000,0.020205027,0.000013661,179.801958,/ap/v1/navsat
27.262369,2026-09-01T20:07:12.363605+00:00,1788293232.363605261,1788293232.437693119,1788293232.379731894,6.077372074,80.190757751,0.000000000,0.000000000,0.000000000,0.000000000,0.000000000,0.000000000,-0.000000000,0.002491664,0.000143320,179.836966,/ap/v1/navsat
28.729715,2026-09-01T20:07:13.830951+00:00,1788293233.830950737,1788293233.838751078,1788293233.718831062,6.077372074,80.190757751,0.089999996,0.147000000,0.000000000,0.000000000,0.000000000,0.000000000,0.129999995,0.014008374,0.499969304,179.844163,/ap/v1/navsat
29.149425,2026-09-01T20:07:14.250661+00:00,1788293234.250660658,1788293234.237483025,1788293234.143546104,6.077372074,80.190757751,0.340000004,0.432999998,0.000000000,0.000000000,0.000000000,0.000000000,0.389999986,0.010176229,0.890321970,179.846521,/ap/v1/navsat
29.923359,2026-09-01T20:07:15.024593+00:00,1788293235.024593115,1788293235.017957926,1788293234.913028002,6.077372074,80.190757751,1.329999924,1.343999982,0.000000000,0.000000000,0.000000000,0.000000000,1.459999919,0.009158805,1.645222902,179.843207,/ap/v1/navsat
32.804764,2026-09-01T20:07:17.905998+00:00,1788293237.905998230,1788293237.839061022,1788293237.793092012,6.077372074,80.190757751,3.069999933,3.112999916,0.000000000,0.000000000,0.022138642,-0.011131885,3.119999886,0.011668775,-0.031281233,179.959810,/ap/v1/navsat
35.118526,2026-09-01T20:07:20.219761+00:00,1788293240.219760656,1788293240.038281918,1788293239.979301929,6.077367783,80.190757751,3.079999924,3.105000019,0.000000000,-0.474586726,0.044277284,-0.089055076,3.099999905,0.312415033,0.005193071,173.578922,/ap/v1/navsat
35.307617,2026-09-01T20:07:20.408852+00:00,1788293240.408851862,1788293240.238214970,1788293240.157242060,6.077367306,80.190757751,3.079999924,3.105000019,0.000000000,-0.527318585,0.044277284,-0.089055076,3.099999905,0.312415033,0.005193071,173.578922,/ap/v1/navsat
35.712339,2026-09-01T20:07:20.813573+00:00,1788293240.813573122,1788293240.637080908,1788293240.562105894,6.077365875,80.190757751,3.079999924,3.105999947,0.000000000,-0.685514160,0.121762536,-0.690176845,3.099999905,0.321339448,0.004142997,172.853956,/ap/v1/navsat
36.749130,2026-09-01T20:07:21.850364+00:00,1788293241.850364447,1788293241.636744976,1788293241.582762957,6.077363014,80.190757751,3.089999914,3.105999947,0.000000000,-1.001905311,0.143901184,-0.935078323,3.099999905,0.305700126,0.003108131,172.879601,/ap/v1/navsat
37.189053,2026-09-01T20:07:22.290287+00:00,1788293242.290287256,1788293242.038609982,1788293242.025614023,6.077361584,80.190757751,3.089999914,3.105999947,0.000000000,-1.160100887,0.177109137,-1.179979801,3.099999905,0.317715544,0.002740409,172.902285,/ap/v1/navsat
38.396311,2026-09-01T20:07:23.497546+00:00,1788293243.497545958,1788293243.237206936,1788293243.165230989,6.077357769,80.190757751,3.089999914,3.107000113,0.000000000,-1.581955755,0.232455760,-1.569595695,3.099999905,0.333865904,0.002070704,172.922958,/ap/v1/navsat
39.869500,2026-09-01T20:07:24.970735+00:00,1788293244.970734596,1788293244.638736010,1788293244.584753990,6.077353477,80.190757751,3.099999905,3.107000113,0.000000000,-2.056542481,0.298871696,-2.081662416,3.099999905,0.326066039,0.002123336,172.950427,/ap/v1/navsat
44.626248,2026-09-01T20:07:29.727482+00:00,1788293249.727482080,1788293249.238189936,1788293249.202202082,6.077339172,80.190757751,3.109999895,3.108000040,0.000000000,-3.638498236,0.498119473,-3.662389994,3.099999905,0.326119239,0.000123723,172.958130,/ap/v1/navsat
46.082200,2026-09-01T20:07:31.183435+00:00,1788293251.183434963,1788293250.636719942,1788293250.499766111,6.077334881,80.190757751,3.109999895,3.108000040,0.000000000,-4.113084962,0.553466141,-4.129929066,3.099999905,0.327322624,-0.000757949,172.957214,/ap/v1/navsat
46.449483,2026-09-01T20:07:31.550718+00:00,1788293251.550718307,1788293251.037585020,1788293250.966609001,6.077333450,80.190757751,3.109999895,3.108000040,0.000000000,-4.271280538,0.564535439,-4.274643898,3.099999905,0.327560305,-0.000825288,172.957139,/ap/v1/navsat
49.760139,2026-09-01T20:07:34.861373+00:00,1788293254.861372948,1788293254.236510038,1788293254.182528019,6.077323437,80.190765381,3.109999895,3.107000113,0.844558792,-5.378649566,0.708436608,-5.376700401,3.099999905,0.327513952,-0.000608777,172.961511,/ap/v1/navsat
50.586206,2026-09-01T20:07:35.687440+00:00,1788293255.687439919,1788293255.036241055,1788293254.957268000,6.077321053,80.190765381,3.109999895,3.105999947,0.844558792,-5.642308859,0.730575264,-5.621601582,3.099999905,0.328270601,-0.000629684,172.962056,/ap/v1/navsat
51.229178,2026-09-01T20:07:36.330413+00:00,1788293256.330412865,1788293255.638039112,1788293255.456099987,6.077319145,80.190765381,3.109999895,3.105999947,0.844558792,-5.853236293,0.763783216,-5.866503239,3.099999905,0.330473403,-0.000641180,172.965005,/ap/v1/navsat
51.420690,2026-09-01T20:07:36.521924+00:00,1788293256.521924257,1788293255.818978071,1788293255.765995979,6.077318668,80.190765381,3.109999895,3.105999947,0.844558792,-5.905968151,0.763783216,-5.866503239,3.099999905,0.330473403,-0.000641180,172.965005,/ap/v1/navsat
52.659725,2026-09-01T20:07:37.760958+00:00,1788293257.760958433,1788293257.038568020,1788293256.958595037,6.077314854,80.190765381,3.109999895,3.105999947,0.844558792,-6.327823019,0.830199122,-6.389701843,3.099999905,0.333560822,-0.000729514,172.964310,/ap/v1/navsat
52.889662,2026-09-01T20:07:37.990896+00:00,1788293257.990896225,1788293257.236501932,1788293257.208511114,6.077314377,80.190765381,3.109999895,3.105999947,0.844558792,-6.380554878,0.830199122,-6.456492901,3.099999905,0.333649304,-0.000732214,172.965934,/ap/v1/navsat
56.401282,2026-09-01T20:07:41.502516+00:00,1788293261.502516270,1788293260.636358976,1788293260.564383030,6.077303410,80.190765381,3.109999895,3.105000019,0.844558792,-7.593387623,0.974100351,-7.636472702,3.099999905,0.330618193,-0.000994499,172.967627,/ap/v1/navsat
56.779729,2026-09-01T20:07:41.880963+00:00,1788293261.880963087,1788293261.037224054,1788293260.981242895,6.077302456,80.190765381,3.109999895,3.105000019,0.844558792,-7.698851340,0.996238947,-7.770055294,3.099999905,0.332019400,-0.000980235,172.967779,/ap/v1/navsat
58.450835,2026-09-01T20:07:43.552070+00:00,1788293263.552069664,1788293262.638685942,1788293262.614694118,6.077297211,80.190765381,3.109999895,3.105000019,0.844558792,-8.278901783,1.062654972,-8.270990372,3.099999905,0.329931317,-0.001025635,172.968020,/ap/v1/navsat
65.883361,2026-09-01T20:07:50.984596+00:00,1788293270.984595537,1788293269.838265896,1788293269.784284115,6.077274799,80.190765381,3.099999905,3.101000071,0.844558792,-10.757299132,1.372596025,-10.831323624,3.099999905,0.334181474,0.000649194,172.967162,/ap/v1/navsat
66.496695,2026-09-01T20:07:51.597929+00:00,1788293271.597929478,1788293270.436064959,1788293270.391079903,6.077272892,80.190765381,3.109999895,3.101000071,0.844558792,-10.968226566,1.394734621,-11.042829514,3.099999905,0.337976944,0.000701960,172.966840,/ap/v1/navsat
67.536015,2026-09-01T20:07:52.637249+00:00,1788293272.637249470,1788293271.438728094,1788293271.191811085,6.077269554,80.190773010,3.109999895,3.101999998,1.689117584,-11.337349576,1.439011931,-11.410181999,3.099999905,0.334969747,-0.000192291,172.967519,/ap/v1/navsat
69.984713,2026-09-01T20:07:55.085948+00:00,1788293275.085948467,1788293273.818928003,1788293273.761946917,6.077262402,80.190773010,3.099999905,3.101999998,1.689117584,-12.128327453,1.538635850,-12.178281784,3.099999905,0.334950512,-0.001302540,172.968678,/ap/v1/navsat
74.135428,2026-09-01T20:07:59.236663+00:00,1788293279.236662865,1788293277.838577032,1788293277.796591043,6.077250004,80.190773010,3.099999905,3.099999905,1.689117584,-13.499355774,1.704675674,-13.558635712,3.099999905,0.336883331,0.000190639,172.967696,/ap/v1/navsat
74.331022,2026-09-01T20:07:59.432257+00:00,1788293279.432256699,1788293278.037509918,1788293277.951539040,6.077249050,80.190773010,3.099999905,3.099999905,1.689117584,-13.604819491,1.726814270,-13.703350067,3.099999905,0.334571045,0.000186443,172.967677,/ap/v1/navsat
79.276983,2026-09-01T20:08:04.378218+00:00,1788293284.378218174,1788293282.818902969,1788293282.768919945,6.077234268,80.190773010,3.099999905,3.099999905,1.689117584,-15.239507104,1.926062226,-15.339736938,3.099999905,0.333157444,-0.001342354,172.969919,/ap/v1/navsat
80.525638,2026-09-01T20:08:05.626873+00:00,1788293285.626872778,1788293284.038492918,1788293284.008502960,6.077230453,80.190773010,3.099999905,3.098999977,1.689117584,-15.661361972,1.981408834,-15.773880005,3.089999914,0.334730910,-0.000341459,172.967462,/ap/v1/navsat
80.745429,2026-09-01T20:08:05.846664+00:00,1788293285.846663952,1788293284.238425970,1788293284.142457962,6.077229977,80.190773010,3.099999905,3.098999977,1.689117584,-15.714093831,1.981408834,-15.773880005,3.089999914,0.334730910,-0.000341459,172.967462,/ap/v1/navsat
81.144463,2026-09-01T20:08:06.245697+00:00,1788293286.245697498,1788293284.636291981,1788293284.583309889,6.077229023,80.190773010,3.099999905,3.098000050,1.689117584,-15.819557548,1.992478013,-15.851803780,3.089999914,0.334969124,-0.000325094,172.967686,/ap/v1/navsat
82.366424,2026-09-01T20:08:07.467658+00:00,1788293287.467658281,1788293285.817894936,1788293285.749917984,6.077224731,80.190773010,3.099999905,3.098000050,1.689117584,-16.294144274,2.047824860,-16.319343567,3.089999914,0.335927556,-0.000303331,172.966843,/ap/v1/navsat
83.009301,2026-09-01T20:08:08.110535+00:00,1788293288.110535145,1788293286.436686993,1788293286.418693066,6.077223301,80.190773010,3.099999905,3.098000050,1.689117584,-16.452339850,2.081032753,-16.597639084,3.089999914,0.333678368,-0.000374567,172.968866,/ap/v1/navsat
86.714707,2026-09-01T20:08:11.815941+00:00,1788293291.815940619,1788293290.036477089,1788293290.015484095,6.077211857,80.190780640,3.099999905,3.096999884,2.533676375,-17.717904453,2.236003399,-17.833278656,3.089999914,0.332339187,-0.000574301,172.969513,/ap/v1/navsat
90.239134,2026-09-01T20:08:15.340368+00:00,1788293295.340367794,1788293293.438333988,1788293293.330369949,6.077201366,80.190780640,3.099999905,3.095999956,2.533676375,-18.878005340,2.379904509,-19.035522461,3.089999914,0.331217327,-0.000446988,172.969086,/ap/v1/navsat
94.145039,2026-09-01T20:08:19.246273+00:00,1788293299.246273279,1788293297.238056898,1788293297.216063976,6.077189445,80.190780640,3.099999905,3.094000101,2.533676375,-20.196301803,2.545944452,-20.349084854,3.089999914,0.336373464,0.000795832,172.968821,/ap/v1/navsat
94.942431,2026-09-01T20:08:20.043666+00:00,1788293300.043665886,1788293298.018794060,1788293297.992803097,6.077187061,80.190780640,3.099999905,3.095000029,2.533676375,-20.459961095,2.568083048,-20.482667923,3.089999914,0.339713552,0.000423732,172.967198,/ap/v1/navsat
103.445286,2026-09-01T20:08:28.546521+00:00,1788293308.546521187,1788293306.238754988,1788293306.193762064,6.077161312,80.190788269,3.099999905,3.092000008,3.378235167,-23.307481454,2.933371067,-23.466012955,3.089999914,0.329876514,0.000672112,172.968029,/ap/v1/navsat
104.464462,2026-09-01T20:08:29.565697+00:00,1788293309.565697193,1788293307.238586903,1788293307.173598051,6.077157974,80.190788269,3.099999905,3.092999935,3.378235167,-23.676604463,2.977648258,-23.811101913,3.089999914,0.331755085,-0.000472819,172.968603,/ap/v1/navsat
105.901302,2026-09-01T20:08:31.002536+00:00,1788293311.002536297,1788293308.637351990,1788293308.582360983,6.077153683,80.190788269,3.089999914,3.092999935,3.378235167,-24.151191190,3.021925449,-24.245244980,3.089999914,0.334599707,-0.001252833,172.968859,/ap/v1/navsat
114.343578,2026-09-01T20:08:39.444812+00:00,1788293319.444812298,1788293316.818977118,1788293316.799979925,6.077127934,80.190788269,3.099999905,3.091000080,3.378235167,-26.998711548,3.376143932,-27.106138229,3.089999914,0.332359083,-0.000282640,172.966891,/ap/v1/navsat
116.458798,2026-09-01T20:08:41.560033+00:00,1788293321.560033083,1788293318.837637901,1788293318.798644066,6.077122211,80.190788269,3.089999914,3.089999914,3.378235167,-27.631493850,3.464698315,-27.774051666,3.089999914,0.281158289,-0.000431051,172.973015,/ap/v1/navsat
120.737949,2026-09-01T20:08:45.839183+00:00,1788293325.839182615,1788293323.018934965,1788293322.859961987,6.077122688,80.190788269,3.089999914,3.088999987,3.378235167,-27.578761992,3.475767612,-27.818578720,3.079999924,0.022072512,-0.000019303,172.975902,/ap/v1/navsat
121.157878,2026-09-01T20:08:46.259113+00:00,1788293326.259112597,1788293323.417867899,1788293323.369875908,6.077122688,80.190788269,3.099999905,3.088999987,3.378235167,-27.578761992,3.475767612,-27.818578720,3.079999924,0.022274253,0.000097512,172.974918,/ap/v1/navsat
125.717955,2026-09-01T20:08:50.819191+00:00,1788293330.819191217,1788293327.836126089,1788293327.717145920,6.077122211,80.190788269,3.089999914,3.088999987,3.378235167,-27.631493850,3.475767612,-27.829711914,3.079999924,0.029175744,0.000079805,173.003481,/ap/v1/navsat
126.132854,2026-09-01T20:08:51.234088+00:00,1788293331.234088182,1788293328.236058950,1788293328.202064037,6.077122688,80.190788269,3.089999914,3.088999987,3.378235167,-27.578761992,3.475767612,-27.829711914,3.079999924,0.029175744,0.000079805,173.003481,/ap/v1/navsat
127.541521,2026-09-01T20:08:52.642757+00:00,1788293332.642757416,1788293329.618825912,1788293329.558835983,6.077122688,80.190788269,3.089999914,3.088999987,3.378235167,-27.578761992,3.475767612,-27.818578720,3.079999924,0.022563532,0.000095948,173.010088,/ap/v1/navsat
127.979566,2026-09-01T20:08:53.080800+00:00,1788293333.080800056,1788293330.037755966,1788293329.979765892,6.077122688,80.190788269,3.089999914,3.088999987,3.378235167,-27.578761992,3.475767612,-27.818578720,3.079999924,0.022563532,0.000095948,173.010088,/ap/v1/navsat
129.834555,2026-09-01T20:08:54.935790+00:00,1788293334.935789824,1788293331.838453054,1788293331.816457033,6.077122688,80.190788269,3.089999914,3.088999987,3.378235167,-27.578761992,3.475767612,-27.818578720,3.079999924,0.020091569,0.000116050,173.017967,/ap/v1/navsat
131.488983,2026-09-01T20:08:56.590217+00:00,1788293336.590217113,1788293333.436184883,1788293333.267213106,6.077122211,80.190788269,3.089999914,3.088999987,3.378235167,-27.631493850,3.475767612,-27.818578720,3.079999924,0.024136907,0.000158570,173.025422,/ap/v1/navsat
132.528783,2026-09-01T20:08:57.630018+00:00,1788293337.630017519,1788293334.438015938,1788293334.315037012,6.077122211,80.190788269,3.089999914,3.088999987,3.378235167,-27.631493850,3.475767612,-27.818578720,3.079999924,0.024361357,0.000181786,173.030417,/ap/v1/navsat
133.749217,2026-09-01T20:08:58.850453+00:00,1788293338.850453138,1788293335.618818045,1788293335.541831017,6.077122211,80.190788269,3.099999905,3.089999914,3.378235167,-27.631493850,3.475767612,-27.829711914,3.089999914,0.029497623,-0.000374649,173.039083,/ap/v1/navsat
135.033050,2026-09-01T20:09:00.134284+00:00,1788293340.134284019,1788293336.837613106,1788293336.796619892,6.077122688,80.190788269,3.089999914,3.091000080,3.378235167,-27.578761992,3.475767612,-27.818578720,3.089999914,0.023424263,-0.001398403,173.039143,/ap/v1/navsat
135.222333,2026-09-01T20:09:00.323568+00:00,1788293340.323568106,1788293337.037580013,1788293337.010584116,6.077122688,80.190788269,3.089999914,3.091000080,3.378235167,-27.578761992,3.475767612,-27.818578720,3.089999914,0.023424263,-0.001398403,173.039143,/ap/v1/navsat
136.048373,2026-09-01T20:09:01.149608+00:00,1788293341.149607658,1788293337.838444948,1788293337.818448067,6.077122688,80.190788269,3.089999914,3.089999914,3.378235167,-27.578761992,3.475767612,-27.818578720,3.089999914,0.020591632,-0.000771371,173.038662,/ap/v1/navsat
139.123878,2026-09-01T20:09:04.225113+00:00,1788293344.225112915,1788293340.818943977,1788293340.640974045,6.077122688,80.190788269,3.089999914,3.088999987,3.378235167,-27.578761992,3.475767612,-27.818578720,3.079999924,0.027779857,0.000086744,173.037781,/ap/v1/navsat
140.393148,2026-09-01T20:09:05.494383+00:00,1788293345.494382620,1788293342.039738894,1788293342.021742105,6.077122211,80.190788269,3.089999914,3.088999987,3.378235167,-27.631493850,3.475767612,-27.818578720,3.079999924,0.022346709,0.000078485,173.040304,/ap/v1/navsat
