elapsed_s,log_timestamp_unix_s,event_type,source_message,sysid,compid,details
0.000000,1788179595.869506,LOG_START,AHRS,1,1,First valid MAVLink packet
0.075705,1788179595.945211,WAYPOINT_CURRENT_OBSERVED,MISSION_CURRENT,1,1,seq=0
0.827102,1788179596.696608,ARM_STATE_OBSERVED,HEARTBEAT,1,1,DISARMED
0.827102,1788179596.696608,MODE_OBSERVED,HEARTBEAT,1,1,STABILIZE
2.855310,1788179598.724816,STATUSTEXT,STATUSTEXT,255,190,severity=6: Mission Planner 1.3.83
2.856304,1788179598.725810,STATUSTEXT,STATUSTEXT,255,190,severity=6: Mission Planner 1.3.83
2.856304,1788179598.725810,STATUSTEXT,STATUSTEXT,255,190,severity=6: Mission Planner 1.3.83
4.913769,1788179600.783275,STATUSTEXT,STATUSTEXT,1,1,severity=6: ArduCopter V4.6.2 (1ebd4d99)
4.944998,1788179600.814504,STATUSTEXT,STATUSTEXT,1,1,severity=6: ChibiOS: 88b84600
4.946063,1788179600.815569,STATUSTEXT,STATUSTEXT,1,1,severity=6: fmuv3 003D003F 3533510D 33303831
4.992540,1788179600.862046,STATUSTEXT,STATUSTEXT,1,1,severity=6: IOMCU: 420 1001 411FC231
4.993550,1788179600.863056,STATUSTEXT,STATUSTEXT,1,1,severity=6: RCOut: PWM:1-14
4.994633,1788179600.864139,STATUSTEXT,STATUSTEXT,1,1,severity=6: IMU0: fast sampling enabled 8.0kHz/1.0kHz
4.994633,1788179600.864139,STATUSTEXT,STATUSTEXT,1,1,severity=6: Frame: QUAD/X
5.118030,1788179600.987536,STATUSTEXT,STATUSTEXT,1,1,severity=6: ArduCopter V4.6.2 (1ebd4d99)
5.119183,1788179600.988689,STATUSTEXT,STATUSTEXT,1,1,severity=6: ChibiOS: 88b84600
5.148115,1788179601.017621,STATUSTEXT,STATUSTEXT,1,1,severity=6: fmuv3 003D003F 3533510D 33303831
5.149586,1788179601.019092,STATUSTEXT,STATUSTEXT,1,1,severity=6: IOMCU: 420 1001 411FC231
5.180228,1788179601.049734,STATUSTEXT,STATUSTEXT,1,1,severity=6: RCOut: PWM:1-14
5.181126,1788179601.050632,STATUSTEXT,STATUSTEXT,1,1,severity=6: IMU0: fast sampling enabled 8.0kHz/1.0kHz
5.182123,1788179601.051629,STATUSTEXT,STATUSTEXT,1,1,severity=6: Frame: QUAD/X
5.353934,1788179601.223440,STATUSTEXT,STATUSTEXT,1,1,severity=6: ArduCopter V4.6.2 (1ebd4d99)
5.401357,1788179601.270863,STATUSTEXT,STATUSTEXT,1,1,severity=6: ChibiOS: 88b84600
5.402860,1788179601.272366,STATUSTEXT,STATUSTEXT,1,1,severity=6: fmuv3 003D003F 3533510D 33303831
5.448929,1788179601.318435,STATUSTEXT,STATUSTEXT,1,1,severity=6: IOMCU: 420 1001 411FC231
5.449927,1788179601.319433,STATUSTEXT,STATUSTEXT,1,1,severity=6: RCOut: PWM:1-14
5.450927,1788179601.320433,STATUSTEXT,STATUSTEXT,1,1,severity=6: IMU0: fast sampling enabled 8.0kHz/1.0kHz
5.451920,1788179601.321426,STATUSTEXT,STATUSTEXT,1,1,severity=6: Frame: QUAD/X
6.495067,1788179602.364573,TELEMETRY_GAP_GT_1S,GLOBAL_POSITION_INT,1,1,GLOBAL_POSITION_INT arrival interval 1957.936 ms
8.476746,1788179604.346252,TELEMETRY_GAP_GT_1S,GLOBAL_POSITION_INT,1,1,GLOBAL_POSITION_INT arrival interval 1981.679 ms
10.516932,1788179606.386438,TELEMETRY_GAP_GT_1S,GLOBAL_POSITION_INT,1,1,GLOBAL_POSITION_INT arrival interval 2040.186 ms
12.500319,1788179608.369825,TELEMETRY_GAP_GT_1S,GLOBAL_POSITION_INT,1,1,GLOBAL_POSITION_INT arrival interval 1983.387 ms
14.123232,1788179609.992738,STATUSTEXT,STATUSTEXT,1,1,severity=2: PreArm: RC not found
14.154729,1788179610.024235,STATUSTEXT,STATUSTEXT,1,1,severity=2: PreArm: Hardware safety switch
14.495585,1788179610.365091,TELEMETRY_GAP_GT_1S,GLOBAL_POSITION_INT,1,1,GLOBAL_POSITION_INT arrival interval 1995.266 ms
33.347779,1788179629.217285,STATUSTEXT,STATUSTEXT,1,1,severity=7: RCInput: decoding IBUS(1)
217.472116,1788179813.341622,MODE_CHANGED,HEARTBEAT,1,1,STABILIZE -> LOITER
230.815728,1788179826.685234,ARMED,HEARTBEAT,1,1,LOITER
233.807148,1788179829.676654,MODE_CHANGED,HEARTBEAT,1,1,LOITER -> AUTO
233.839193,1788179829.708699,STATUSTEXT,STATUSTEXT,1,1,severity=6: Mission: 1 Takeoff
234.073286,1788179829.942792,WAYPOINT_CURRENT_CHANGED,MISSION_CURRENT,1,1,0 -> 1
240.270760,1788179836.140266,STATUSTEXT,STATUSTEXT,1,1,severity=6: EKF3 IMU0 MAG0 in-flight yaw alignment complete
241.235619,1788179837.105125,WAYPOINT_REACHED,MISSION_ITEM_REACHED,1,1,seq=1
241.235619,1788179837.105125,STATUSTEXT,STATUSTEXT,1,1,severity=6: Mission: 2 WP
241.516874,1788179837.386380,WAYPOINT_CURRENT_CHANGED,MISSION_CURRENT,1,1,1 -> 2
256.348092,1788179852.217598,WAYPOINT_REACHED,MISSION_ITEM_REACHED,1,1,seq=2
256.348092,1788179852.217598,STATUSTEXT,STATUSTEXT,1,1,severity=6: Reached command #2
256.349479,1788179852.218985,STATUSTEXT,STATUSTEXT,1,1,severity=6: Mission: 3 WP
256.491072,1788179852.360578,WAYPOINT_CURRENT_CHANGED,MISSION_CURRENT,1,1,2 -> 3
264.420453,1788179860.289959,WAYPOINT_REACHED,MISSION_ITEM_REACHED,1,1,seq=3
264.420453,1788179860.289959,STATUSTEXT,STATUSTEXT,1,1,severity=6: Reached command #3
264.481275,1788179860.350781,STATUSTEXT,STATUSTEXT,1,1,severity=6: Mission: 4 WP
264.542236,1788179860.411742,WAYPOINT_CURRENT_CHANGED,MISSION_CURRENT,1,1,3 -> 4
270.913761,1788179866.783267,WAYPOINT_REACHED,MISSION_ITEM_REACHED,1,1,seq=4
270.913761,1788179866.783267,STATUSTEXT,STATUSTEXT,1,1,severity=6: Reached command #4
270.914268,1788179866.783774,STATUSTEXT,STATUSTEXT,1,1,severity=6: Mission: 5 WP
270.990867,1788179866.860373,WAYPOINT_CURRENT_CHANGED,MISSION_CURRENT,1,1,4 -> 5
279.778999,1788179875.648505,WAYPOINT_REACHED,MISSION_ITEM_REACHED,1,1,seq=5
279.778999,1788179875.648505,STATUSTEXT,STATUSTEXT,1,1,severity=6: Reached command #5
279.780063,1788179875.649569,STATUSTEXT,STATUSTEXT,1,1,severity=6: Mission: 6 WP
280.088957,1788179875.958463,WAYPOINT_CURRENT_CHANGED,MISSION_CURRENT,1,1,5 -> 6
281.401301,1788179877.270807,MODE_CHANGED,HEARTBEAT,1,1,AUTO -> GUIDED
306.811393,1788179902.680899,MODE_CHANGED,HEARTBEAT,1,1,GUIDED -> AUTO
306.811393,1788179902.680899,STATUSTEXT,STATUSTEXT,1,1,severity=6: Mission: 6 WP
319.363055,1788179915.232561,WAYPOINT_REACHED,MISSION_ITEM_REACHED,1,1,seq=6
319.363055,1788179915.232561,STATUSTEXT,STATUSTEXT,1,1,severity=6: Reached command #6
319.364061,1788179915.233567,STATUSTEXT,STATUSTEXT,1,1,severity=6: Mission: 7 Land
319.504417,1788179915.373923,WAYPOINT_CURRENT_CHANGED,MISSION_CURRENT,1,1,6 -> 7
327.746784,1788179923.616290,STATUSTEXT,STATUSTEXT,1,1,severity=6: Mission: 1 Takeoff
327.778999,1788179923.648505,DISARMED,HEARTBEAT,1,1,AUTO
328.060179,1788179923.929685,WAYPOINT_CURRENT_CHANGED,MISSION_CURRENT,1,1,7 -> 1
352.785853,1788179948.655359,MODE_CHANGED,HEARTBEAT,1,1,AUTO -> GUIDED
420.401038,1788180016.270544,MODE_CHANGED,HEARTBEAT,1,1,GUIDED -> AUTO
420.446586,1788180016.316092,STATUSTEXT,STATUSTEXT,1,1,severity=6: Mission: 1 Takeoff
476.407250,1788180072.276756,TELEMETRY_GAP_GT_1S,GLOBAL_POSITION_INT,1,1,GLOBAL_POSITION_INT arrival interval 1485.543 ms
1114.145890,1788180710.015396,LOG_END,TLOG,,,Last valid MAVLink packet
