point_index,east_m,north_m,nearest_sim_segment_index,nearest_east_m,nearest_north_m,real_to_sim_path_error_m
0,0.581002385,1.18613912,0,-5.14573568e-05,-1.40661922e-05,1.32082662
1,0.658490992,1.13084576,0,-5.14573568e-05,-1.40661922e-05,1.30863368
2,0.636351389,1.15296311,0,-5.14573568e-05,-1.40661922e-05,1.3169529
3,0.603141988,1.14190443,0,-5.14573568e-05,-1.40661922e-05,1.29144113
4,0.558862784,1.14190443,0,-5.14573568e-05,-1.40661922e-05,1.27136265
5,0.492443978,1.11978709,0,-5.14573568e-05,-1.40661922e-05,1.22331778
6,0.459234577,1.06449373,0,-5.14573568e-05,-1.40661922e-05,1.15936211
7,0.459234579,0.843320281,0,-5.14573568e-05,-1.40661922e-05,0.960289792
8,0.426025178,0.644264181,0,-5.14573568e-05,-1.40661922e-05,0.772422008
9,0.381745976,0.467325424,0,-5.14573568e-05,-1.40661922e-05,0.603469535
10,0.359606374,0.212975962,0,-5.14573568e-05,-1.40661922e-05,0.417993431
11,0.337466776,-0.0634908441,5,-5.14574071e-05,-0.0634908438,0.337518233
12,0.337466778,-0.33995765,6,-5.14575364e-05,-0.33995765,0.337518235
13,0.337466779,-0.638541801,7,-5.14575504e-05,-0.638541801,0.337518237
14,0.293187575,-0.88183259,8,-5.14575143e-05,-0.88183259,0.293239033
15,0.248908372,-1.12512338,8,-5.14575023e-05,-1.12512338,0.248959829
16,0.248908373,-1.41264886,8,-5.14574881e-05,-1.41264886,0.24895983
17,0.237838573,-1.70017434,8,-5.1457474e-05,-1.70017434,0.23789003
18,0.226768771,-1.9545238,8,-5.14574614e-05,-1.9545238,0.226820229
19,0.248908376,-2.24204928,8,-5.14574473e-05,-2.24204928,0.248959834
20,0.27104798,-2.56275077,8,-5.14574314e-05,-2.56275077,0.271099437
21,0.226768775,-2.86133492,8,-5.14574167e-05,-2.86133492,0.226820232
22,0.193559371,-3.13780173,8,-5.14574031e-05,-3.13780173,0.193610829
23,0.193559373,-3.43638588,9,-5.14574831e-05,-3.43638588,0.19361083
24,0.182489572,-3.7460287,10,-5.1457549e-05,-3.7460287,0.18254103
25,0.16034997,-4.05567152,11,-5.14575219e-05,-4.05567152,0.160401428
26,0.160349971,-4.35425567,11,-5.14575555e-05,-4.35425567,0.160401428
27,0.149280169,-4.65283982,11,-5.14575891e-05,-4.65283982,0.149331626
28,0.149280169,-4.95142398,11,-5.14576227e-05,-4.95142398,0.149331627
29,0.14928017,-5.2610668,12,0.150746808,-5.25994819,0.00184453368
30,0.116070766,-5.55965095,12,0.282510332,-5.43270747,0.209324571
31,0.0607217554,-5.82505908,12,0.390134044,-5.57381628,0.414289029
32,0.02751235,-6.10152589,12,0.5112326,-5.73259239,0.608356153
33,0.0275123504,-6.42222738,12,0.665874628,-5.93534838,0.802843419
34,0.016442547,-6.72081153,13,0.844574453,-6.72081152,0.828131906
35,0.0496519546,-7.01939568,14,0.844574457,-7.01939567,0.794922503
36,0.0939311634,-7.3290385,15,0.844574462,-7.32903849,0.750643298
37,0.0939311639,-7.62762265,16,0.844574466,-7.62762264,0.750643302
38,0.0717915612,-7.91514813,16,0.84457447,-7.91514812,0.772782909
39,0.0717915616,-8.20267361,18,0.844574474,-8.2026736,0.772782913
40,0.116070771,-8.47914042,19,0.844574478,-8.4791404,0.728503707
41,0.19355939,-8.75560722,20,0.844574482,-8.75560721,0.651015092
42,0.293187615,-9.0431327,22,0.844574486,-9.04313269,0.551386871
43,0.359606432,-9.33065817,22,0.84457449,-9.33065817,0.484968058
44,0.359606433,-9.61818365,22,0.844574494,-9.61818365,0.484968061
45,0.370676239,-9.9167678,22,0.844574498,-9.9167678,0.473898259
46,0.381746044,-10.2264106,24,0.844574503,-10.2264106,0.462828459
47,0.39281585,-10.5471121,25,0.844574507,-10.5471121,0.451758657
48,0.42602526,-10.8456963,25,0.844574511,-10.8456963,0.418549251
49,0.448164868,-11.1442804,26,0.858882473,-10.9449592,0.45652809
50,0.470304477,-11.4318059,26,0.976040258,-11.1863724,0.562144373
51,0.492444084,-11.73039,26,1.09754179,-11.4367362,0.6725889
52,0.558862907,-12.0510915,26,1.2361714,-11.7223938,0.752853908
53,0.614211927,-12.338617,26,1.35965962,-11.9768513,0.828593191
54,0.658491144,-12.6372012,26,1.48538144,-12.2359114,0.919119715
55,0.702770359,-12.913668,27,1.68908984,-12.9136679,0.986319481
56,0.724909969,-13.2122521,28,1.68908985,-13.2122521,0.964179879
57,0.735979777,-13.4887189,28,1.68908986,-13.4887189,0.953110079
58,0.769189191,-13.7873031,29,1.68908986,-13.787303,0.919900674
59,0.813468408,-14.0858872,30,1.68908987,-14.0858872,0.875621465
60,0.890957037,-14.3844714,32,1.68908988,-14.3844713,0.798132844
61,0.946306062,-14.6830555,33,1.68908989,-14.6830555,0.742783828
62,0.990585281,-14.9926983,35,1.6890899,-14.9926983,0.698504618
63,1.00165509,-15.2802238,36,1.68908991,-15.2802238,0.687434816
64,1.03486451,-15.5677493,38,1.68908991,-15.5677493,0.654225409
65,1.06807392,-15.8442161,38,1.68908992,-15.8442161,0.621016001
66,1.06807393,-16.1096242,38,1.68908993,-16.1096242,0.621016003
67,1.06807393,-16.3750324,38,1.68908994,-16.3750323,0.621016006
68,1.10128335,-16.6846752,38,1.68908995,-16.6846752,0.587806596
69,1.14556257,-17.0164353,38,1.68908995,-16.7159712,0.621048068
70,1.2009116,-17.3371368,38,1.68908995,-16.7159712,0.790041035
71,1.27840024,-17.635721,38,1.68908995,-16.7159712,1.00727637
72,1.33374926,-17.9343051,42,2.53371605,-17.9343051,1.19996679
73,1.4001681,-18.1886546,43,2.53371606,-18.1886545,1.13354796
74,1.47765673,-18.4319454,43,2.53371607,-18.4319453,1.05605934
75,1.53300576,-18.7084122,43,2.53371608,-18.7084121,1.00071032
76,1.58835479,-18.9738203,43,2.53371609,-18.9738203,0.945361303
77,1.66584343,-19.2392284,43,2.53371611,-19.2392284,0.867872676
78,1.71012266,-19.5267539,43,2.53371612,-19.5267539,0.823593462
79,1.73226227,-19.8032207,43,2.53371613,-19.8032207,0.801453857
80,1.75440189,-20.0907462,43,2.53371614,-20.0907462,0.779314251
81,1.7654717,-20.3893303,44,2.53371615,-20.3893303,0.76824445
82,1.77654152,-20.6768558,44,2.53371617,-20.6768558,0.757174649
83,1.85403016,-20.9533226,44,2.53371618,-20.9533226,0.679686017
84,1.94258861,-21.2187308,44,2.53371619,-21.2187307,0.591127582
85,1.98686784,-21.5062562,45,2.5337162,-21.5062562,0.546848364
86,2.02007726,-21.7274297,47,2.53371621,-21.7274296,0.513638952
87,2.06435648,-21.7606057,47,2.53371621,-21.7606057,0.469359732
88,2.11970551,-21.8048404,48,2.53371621,-21.8048404,0.414010707
89,2.15291492,-21.8380164,48,2.53371622,-21.8380164,0.380801293
90,2.15291492,-21.815899,48,2.53371621,-21.815899,0.380801293
91,2.13077531,-21.7716644,47,2.53371621,-21.7716643,0.402940903
92,2.1086357,-21.7274297,47,2.53371621,-21.7274296,0.425080512
93,2.06435648,-21.6721363,46,2.53371621,-21.6721363,0.469359731
94,2.03114706,-21.650019,46,2.53371621,-21.6500189,0.502569146
95,2.02007726,-21.683195,47,2.53371621,-21.683195,0.513638951
96,1.99793765,-21.7053123,47,2.53371621,-21.7053123,0.535778563
97,1.96472823,-21.7053123,47,2.53371621,-21.7053123,0.568987977
98,1.94258862,-21.716371,47,2.53371621,-21.716371,0.591127586
99,1.95365843,-21.716371,47,2.53371621,-21.716371,0.58005778
100,1.97579804,-21.7274297,47,2.53371621,-21.7274296,0.557918172
101,1.98686784,-21.7384883,47,2.53371621,-21.7384883,0.546848366
102,1.98686784,-21.7384883,47,2.53371621,-21.7384883,0.546848366
103,1.98686784,-21.7274297,47,2.53371621,-21.7274296,0.546848366
104,1.99793765,-21.7274297,47,2.53371621,-21.7274296,0.535778563
105,2.00900745,-21.7274297,47,2.53371621,-21.7274296,0.524708757
106,2.00900745,-21.716371,47,2.53371621,-21.716371,0.524708756
107,1.99793765,-21.7053123,47,2.53371621,-21.7053123,0.535778563
108,2.02007726,-21.6942537,47,2.53371621,-21.6942536,0.513638952
109,2.05328667,-21.6942537,47,2.53371621,-21.6942536,0.480429537
110,2.05328667,-21.6942537,47,2.53371621,-21.6942536,0.480429537
111,2.05328667,-21.6942537,47,2.53371621,-21.6942536,0.480429537
112,2.04221687,-21.7053123,47,2.53371621,-21.7053123,0.491499342
113,2.02007726,-21.7274297,47,2.53371621,-21.7274296,0.513638952
114,2.00900745,-21.7384883,47,2.53371621,-21.7384883,0.524708757
115,2.02007726,-21.749547,47,2.53371621,-21.749547,0.513638952
116,2.00900746,-21.7606057,47,2.53371621,-21.7606057,0.524708757
117,2.00900746,-21.7606057,47,2.53371621,-21.7606057,0.524708757
118,2.04221687,-21.7384883,47,2.53371621,-21.7384883,0.491499342
119,2.06435648,-21.7053123,47,2.53371621,-21.7053123,0.469359731
120,2.08649609,-21.7053123,47,2.53371621,-21.7053123,0.44722012
121,2.06435648,-21.7053123,47,2.53371621,-21.7053123,0.469359731
122,2.06435648,-21.716371,47,2.53371621,-21.716371,0.469359731
123,2.06435648,-21.716371,47,2.53371621,-21.716371,0.469359731
124,2.06435648,-21.716371,47,2.53371621,-21.716371,0.469359731
125,2.05328667,-21.7384883,47,2.53371621,-21.7384883,0.480429538
126,2.05328667,-21.749547,47,2.53371621,-21.749547,0.480429538
127,2.04221687,-21.749547,47,2.53371621,-21.749547,0.491499343
128,2.03114707,-21.7716644,47,2.53371621,-21.7716643,0.502569147
129,2.02007726,-21.7716644,47,2.53371621,-21.7716643,0.513638952
130,2.00900746,-21.782723,48,2.53371621,-21.782723,0.524708757
131,1.99793765,-21.782723,48,2.53371621,-21.782723,0.535778563
132,1.98686785,-21.8269577,48,2.53371621,-21.8269577,0.546848367
133,1.98686785,-21.8601337,48,2.53371622,-21.8601337,0.546848368
134,1.98686785,-21.9043684,48,2.53371622,-21.9043684,0.546848368
135,1.94258863,-21.9043684,48,2.53371622,-21.9043684,0.591127589
136,1.94258863,-21.8711924,48,2.53371622,-21.8711924,0.591127588
137,1.96472824,-21.8490751,48,2.53371622,-21.849075,0.568987978
138,1.99793765,-21.9154271,48,2.53371622,-21.9154271,0.535778565
139,2.02007727,-22.0813072,48,2.53371623,-22.0813072,0.513638955
140,2.02007728,-22.291422,49,2.53371623,-22.2000773,0.521698015
141,2.03114709,-22.4794194,50,2.55935587,-22.2625155,0.571009478
142,2.0422169,-22.7116515,50,2.64255665,-22.4651277,0.648985213
143,2.07542633,-22.9438836,50,2.72895205,-22.6755195,0.706480837
144,2.14184517,-23.1539984,50,2.8123676,-22.8786547,0.724854792
145,2.20826401,-23.4194065,50,2.91521255,-23.1291048,0.764232507
146,2.25254324,-23.6848146,50,3.01486289,-23.3717753,0.824090331
147,2.27468286,-23.9723401,50,3.11909038,-23.6255922,0.912829768
148,2.31896209,-24.2930416,50,3.23817012,-23.9155776,0.993691352
149,2.34110172,-24.6248018,52,3.3782318,-24.6248017,1.03713008
150,2.35217154,-24.9012686,52,3.37823181,-24.9012685,1.02606028
151,2.37431115,-25.155618,53,3.37823183,-25.155618,1.00392067
152,2.41859039,-25.4320848,54,3.37823184,-25.4320848,0.959641456
153,2.4296602,-25.697493,54,3.37823186,-25.6974929,0.948571655
154,2.44073002,-25.9739598,55,3.37823188,-25.9739597,0.937501852
155,2.47393945,-26.2614852,56,3.37823189,-26.2614852,0.90429244
156,2.52928849,-26.5490107,57,3.37823191,-26.5490107,0.848943416
157,2.58463753,-26.8365362,57,3.37823191,-26.5768785,0.834993493
158,2.61784697,-27.1351203,57,3.37823191,-26.5768785,0.943302272
159,2.6510564,-27.3894698,57,3.37823191,-26.5768785,1.09045348
160,2.66212621,-27.4889978,57,3.37823191,-26.5768785,1.15964177
161,2.70640543,-27.5111152,57,3.37823191,-26.5768785,1.15071671
162,2.76175446,-27.5442912,57,3.37823191,-26.5768785,1.14714067
163,2.79496388,-27.5664085,57,3.37823191,-26.5768785,1.14863886
164,2.80603369,-27.5332325,57,3.37823191,-26.5768785,1.1144612
165,2.79496388,-27.4668805,57,3.37823191,-26.5768785,1.06409825
166,2.76175446,-27.4115871,57,3.37823191,-26.5768785,1.03768151
167,2.72854504,-27.3784111,57,3.37823191,-26.5768785,1.03176912
168,2.73961484,-27.3894698,57,3.37823191,-26.5768785,1.03350681
169,2.78389407,-27.4226458,57,3.37823191,-26.5768785,1.03371164
170,2.80603368,-27.4447631,57,3.37823191,-26.5768785,1.03953573
171,2.73961485,-27.4558218,57,3.37823191,-26.5768785,1.08644975
172,2.63998659,-27.4779392,57,3.37823191,-26.5768785,1.16486756
173,2.54035834,-27.4558218,57,3.37823191,-26.5768785,1.21432016
174,2.54035833,-27.4005285,57,3.37823191,-26.5768785,1.1749176
175,2.51821872,-27.4005285,57,3.37823191,-26.5768785,1.19080725
176,2.50714892,-27.4115871,57,3.37823191,-26.5768785,1.20645102
177,2.50714892,-27.4226458,57,3.37823191,-26.5768785,1.21412845
